0.218162121,0.010283118,0.059656379,0.098235131,0.163622584,0.202805496,0.134148743,0.05,0,0.1,0.4,0.186393027,0.035279011,0.114222005,0.041576097,0.011489592,0.059976224,0.064683725,0.067208175,5.066098692,5.994243308,8.911266911,1.818189032,0.041011776,0.076859431,0.07371432,0.015215029,0.865355652,0.742523429,0.851542478,0.364130152,0.441782229,0.626155237,0.686974466,0.343373262,0.233409271,0.059163817,0.322254944,0.184708228,0.486896393,0.258954714,0.096525859,0.623544671,0.778026945,0,0,0.28120613,0.134208226,0.321229047,0.0505,0.4354,0,14000,0.208413723,0.57617861,0.497383804,1.922895042,0.039976871,0.039252953,0.06,0.177472974,0.085759893,5.972216949,0.087141439,0.302755084,0.083496215,0.090436518,0.06,0.078752658,0.040659756,7.691697031,0.077413458,0.749263443,0.0606,0.202,0.884300246,0.676637877,0.638174576,0.160742694,0.158641289,0.638568492,0.957742087,0.1,0.1,0.1,0.1,0.1,0.1,5,5,5,5,5,5,5,5,5,5,5,5,5,5,5,5,5,5,0.6,0.7,0.6,0.7
0.033530233,0.14197739,0.098544293,0.097722594,0.185017326,0.134026762,0.12089787,0.05,0,0.1,0.4,0.144966164,0.062720133,0.041509335,0.045191537,0.062036189,0.011970083,0.054835402,0.026303708,8.321577639,6.438527391,0.586740191,8.175240713,0.018458763,0.054835235,0.029425967,0.082110097,0.452619161,0.69824167,0.339492208,0.351148965,0.526342639,0.487324749,0.620832891,0.489164193,0.301691594,0.452349383,0.288795021,0.264173436,0.316895288,0.902429617,0.26227313,0.798813843,0.871951485,0,0,0.876014667,0.985423817,0.984376369,0.0505,0.4354,0,14000,0.724660518,0.479563107,2.563138191,0.060151219,0.012581322,0.024734293,0.06,0.181268257,0.073292043,5.1140662,0.097195134,0.5142337,0.030868061,0.028451046,0.06,0.026563888,0.080498914,6.713069198,0.066613674,0.003395563,0.0909,0.202,0.864871733,0.274138197,0.728731023,0.079300286,0.705826508,0.096539395,0.69845589,89.79603422,85.90124471,65.5142864,0.052227103,97.28078155,83.2018638,5,5,5,5,5,5,5,5,5,5,5,5,5,5,5,5,5,5,0.6,0.7,0.6,0.7
0.093946058,0.181339085,0.148975714,0.020793827,0.205823035,0.027430782,0.089001386,0.05,0,0.1,0.4,0.016929888,0.147516371,0.064156544,0.120290907,0.056031109,0.088484866,0.03823681,0.090321726,2.678210381,2.386675067,5.901309634,5.775800021,0.072346367,0.067293502,0.047669,0.099644314,0.939891005,0.3834336,0.550478159,0.49668674,0.116017595,0.657493627,0.519283069,0.983795705,0.82570651,0.760567943,0.70045822,0.521083743,0.904519521,0.508532084,0.803755722,0.054553787,0.56239759,0,0,0.219364305,0.730311895,0.863991013,0.0505,0.4354,0,14000,0.558660787,0.724182143,2.145878047,1.061106296,0.063882144,0.07129282,0.06,0.059410402,0.020290049,2.290877693,0.013161928,0.91866032,0.08005888,0.02284771,0.06,0.127609093,0.076080118,1.10549089,0.052201727,0.142067506,0.1212,0.202,0.225579095,0.756402062,0.927646958,0.859321952,0.490445235,0.627607942,0.194127025,6.289893854,88.15747353,29.69940433,0.772669469,64.55243421,6.845804071,5,5,5,5,5,5,5,5,5,5,5,5,5,5,5,5,5,5,0.6,0.7,0.6,0.7
0.093630188,0.025035865,0.079249242,0.093974344,0.137818289,0.057863682,0.072656173,0.05,0,0.1,0.4,0.052418352,0.060534564,0.090833017,0.156600735,0.095760667,0.032988365,0.068127226,0.013900796,1.175619108,2.468820594,4.67578324,0.94070551,0.096375258,0.044638214,0.038547307,0.052426565,0.103669185,0.182930154,0.574583591,0.381255492,0.793990995,0.69123414,0.481033026,0.400996125,0.267272328,0.673516159,0.359602225,0.526015618,0.055809713,0.957210747,0.755616267,0.469791981,0.384616989,0,0,0.713055036,0.711385836,0.886710832,0.0505,0.5454,0,14000,0.746127875,0.500237341,2.734904187,0.152720905,0.0803004,0.090572248,0.06,0.044379426,0.061390403,9.459311585,0.014467696,0.022188056,0.080164255,0.049543879,0.06,0.151328583,0.017270675,1.462581591,0.096621249,0.719192732,0.0606,0.202,0.571962559,0.765256506,0.39974851,0.706498357,0.044974313,0.098414586,0.076695938,13.20112841,16.67620342,31.42910337,10.87175417,79.68453087,68.37796522,5,5,5,5,5,5,5,5,5,5,5,5,5,5,5,5,5,5,0.6,0.7,0.6,0.7
0.094211639,0.19709489,0.097639309,0.066291806,0.024731115,0.085197934,0.242138653,0.05,0,0.1,0.4,0.186727847,0.004119496,0.091952463,0.066470132,0.054062114,0.019412816,0.071007134,0.011220597,2.638576045,5.871528846,0.705182471,9.164781577,0.027445672,0.025065325,0.03762691,0.089583117,0.449558852,0.619714996,0.573047166,0.437016102,0.125745231,0.612573396,0.264061447,0.097308232,0.90433644,0.798654842,0.500300891,0.656144989,0.625945747,0.056521877,0.508673277,0.166447321,0.435538258,0,0,0.683550722,0.951851527,0.974171582,0.0505,0.5454,0,14000,0.657514736,0.035206092,2.618587825,0.584709664,0.033379574,0.024428784,0.06,0.099186721,0.030237669,5.961746413,0.020097656,0.342718712,0.038526341,0.078232472,0.06,0.146098845,0.017316415,2.399234818,0.045275122,0.624086838,0.0909,0.202,0.601764974,0.734504638,0.225935862,0.434586238,0.548867356,0.376818127,0.08112694,37.12888397,24.11030843,89.07167623,35.85191569,53.701864,17.91709224,5,5,5,5,5,5,5,5,5,5,5,5,5,5,5,5,5,5,0.6,0.7,0.6,0.7
0.18181295,0.095448471,0.122582892,0.080420172,0.016817646,0.246640916,0.224697847,0.05,0,0.1,0.4,0.083745081,0.132458703,0.078299221,0.120948678,0.095715179,0.039314365,0.010449754,0.08405263,7.532326137,1.578100256,6.505478162,0.928182022,0.069056224,0.088118442,0.042261417,0.058526521,0.284742819,0.655767696,0.868927422,0.20934675,0.128518561,0.520340187,0.013716881,0.703384308,0.664826055,0.219106706,0.600046222,0.672181025,0.613005274,0.931883851,0.469422758,0.028291514,0.338702381,0,0,0.344058103,0.166187223,0.328567848,0.0505,0.5454,0,14000,1.4671858,0.281049796,0.764873549,0.428512046,0.041255739,0.060734005,0.06,0.071953465,0.062954678,0.738630581,0.041805482,0.134496804,0.014014043,0.07808345,0.06,0.012443704,0.026693839,7.017305575,0.03210745,0.864040832,0.1212,0.202,0.655253038,0.582738618,0.479614519,0.953557498,0.022563772,0.425136555,0.304855238,70.56509831,7.083707536,33.70688984,21.01278484,45.55353955,24.49050187,5,5,5,5,5,5,5,5,5,5,5,5,5,5,5,5,5,5,0.6,0.7,0.6,0.7
0.147367651,0.048262617,0.106258415,0.020289787,0.113841842,0.137586889,0.150499457,0.05,0,0.1,0.4,0.146426936,0.094857696,0.100754005,0.158180214,0.031491671,0.070902723,0.073919608,0.096274974,6.298030978,1.458599342,2.415945407,9.433549305,0.049603852,0.06024278,0.079832052,0.076542912,0.69062761,0.212258007,0.518566795,0.689917245,0.789715782,0.824755198,0.223318802,0.164281456,0.439194543,0.10301658,0.62571312,0.34544529,0.036933151,0.067459097,0.021564124,0.033538548,0.562678273,0,0,0.55804825,0.368617236,0.538788528,0.0505,0.6554,0,14000,0.205362101,0.39402696,1.345366316,1.059722002,0.029575831,0.070639394,0.06,0.19029832,0.057294344,3.767433399,0.038345732,0.558736801,0.065594673,0.043636246,0.06,0.068553428,0.035410256,5.198663757,0.027139732,0.518774162,0.0606,0.202,0.549867759,0.733973496,0.626225485,0.954450596,0.484870183,0.8342685,0.653871835,16.87810344,22.53845267,54.40638461,68.66643885,15.59778084,39.32981691,5,5,5,5,5,5,5,5,5,5,5,5,5,5,5,5,5,5,0.6,0.7,0.6,0.7
0.117278962,0.052297671,0.190746718,0.083664297,0.162664979,0.151514826,0.055639358,0.05,0,0.1,0.4,0.114746442,0.179246877,0.076403059,0.00394196,0.03056365,0.091950938,0.016013821,0.067956652,3.174819839,7.243446636,4.309173909,3.234121334,0.077219723,0.076587784,0.040381025,0.043325701,0.257150804,0.726712686,0.248873487,0.437794458,0.128322373,0.794113803,0.069213267,0.731021762,0.748382928,0.692140499,0.730475178,0.090978224,0.30445607,0.066167368,0.943481194,0.13269981,0.970959924,0,0,0.747762222,0.314089468,0.750503174,0.0505,0.6554,0,14000,0.148402321,0.302462186,1.113972038,1.50321401,0.016568654,0.045699742,0.06,0.008184707,0.026619528,7.551708403,0.063473735,0.922580431,0.072778983,0.090415923,0.06,0.197649272,0.04499592,7.222161482,0.070325671,0.761869463,0.0909,0.202,0.49165844,0.690706832,0.962446832,0.182938235,0.733273658,0.799355795,0.515069076,96.62976291,97.95692652,18.02854063,21.05333351,75.75383345,79.86681696,5,5,5,5,5,5,5,5,5,5,5,5,5,5,5,5,5,5,0.6,0.7,0.6,0.7
0.197032797,0.073769405,0.16050042,0.032096961,0.143594467,0.096833958,0.231057991,0.05,0,0.1,0.4,0.182495319,0.148706095,0.114247976,0.019517695,0.023302644,0.040352675,0.088561115,0.034002029,3.864324489,1.71486198,5.746864064,8.201053545,0.047166119,0.063925896,0.094938396,0.089235039,0.9655138,0.235434356,0.938473467,0.753628931,0.19923035,0.081345186,0.126771273,0.951144069,0.554999509,0.368526787,0.776628938,0.430527189,0.525670399,0.443009909,0.036368831,0.167723976,0.365345595,0,0,0.300498698,0.457070175,0.968009191,0.0505,0.6554,0,14000,0.364587576,0.995555503,4.429600915,1.569422291,0.036830595,0.05165997,0.06,0.152125179,0.064934927,6.279884623,0.030048156,0.919616425,0.031061441,0.010079067,0.06,0.160840241,0.027910996,8.309487964,0.094865599,0.051839627,0.1212,0.202,0.69403067,0.308021627,0.913597071,0.975560151,0.173578908,0.334492715,0.616805986,0.968525629,89.41034481,31.75603291,2.229406685,56.2455816,39.74656749,5,5,5,5,5,5,5,5,5,5,5,5,5,5,5,5,5,5,0.6,0.7,0.6,0.7
0.090645716,0.179884702,0.149261198,0.018086964,0.082803786,0.174767262,0.149462194,0.05,0,0.1,0.4,0.185902276,0.124842919,0.035788074,0.071433203,0.093856281,0.089700272,0.059964226,0.061249667,4.423589788,2.74858823,3.418966734,7.454777348,0.028585352,0.035373997,0.01509697,0.027232411,0.13585233,0.486678252,0.59160155,0.897799062,0.882117706,0.690374751,0.016215929,0.464673756,0.514330112,0.632196414,0.475406986,0.934444206,0.372819621,0.741153103,0.790814847,0.747326828,0.01118334,0,0,0.527767907,0.217677259,0.953656761,0.0505,0.4354,0,14000,1.373735025,0.517322638,1.754336741,0.157892211,0.041679902,0.038746972,0.06,0.092396664,0.021429123,0.237939535,0.022436517,0.652904241,0.032405008,0.029982992,0.06,0.068571718,0.075470439,5.816916679,0.019443148,0.261447446,0.0606,0.303,0.657526107,0.035093615,0.045868143,0.874284358,0.404991884,0.167984395,0.416093417,57.44801012,68.69782628,80.20307149,93.79576694,3.657577769,97.3094485,5,5,5,5,5,5,5,5,5,5,5,5,5,5,5,5,5,5,0.6,0.7,0.6,0.7
0.182825962,0.077191184,0.249487231,0.073228289,0.176196876,0.087738148,0.129235763,0.05,0,0.1,0.4,0.090473497,0.157069623,0.110324423,0.138647728,0.092828538,0.077519577,0.030428418,0.055091265,8.102186553,6.877472296,5.081539738,8.926785483,0.051920767,0.044591684,0.029656615,0.029610041,0.917942941,0.567036259,0.894141549,0.98469922,0.520292899,0.030572579,0.523037714,0.319341489,0.753988641,0.559758779,0.704746228,0.566920737,0.077875021,0.577731114,0.83656758,0.852002423,0.662806788,0,0,0.402878152,0.63934147,0.69659724,0.0505,0.4354,0,14000,1.205051836,0.603204957,2.986444435,1.987105314,0.047106099,0.040115154,0.06,0.002300374,0.091606621,3.408505558,0.067625659,0.893666459,0.047830307,0.056226664,0.06,0.066446612,0.020165069,3.836477809,0.062615018,0.75725592,0.0909,0.303,0.76967824,0.222164122,0.580935043,0.950081995,0.717149388,0.403670619,0.266188991,69.54409345,54.53113613,98.98440484,29.44515108,59.65686499,5.189087871,5,5,5,5,5,5,5,5,5,5,5,5,5,5,5,5,5,5,0.6,0.7,0.6,0.7
0.17430291,0.049930836,0.205693913,0.098587976,0.248804045,0.113426723,0.041193116,0.05,0,0.1,0.4,0.035033417,0.165293552,0.131942286,0.074624953,0.0605421,0.016210688,0.025292497,0.099702423,7.236728363,5.566302664,2.50291378,9.939822557,0.051464203,0.078907833,0.090326237,0.0384643,0.361418941,0.329497693,0.088631309,0.094851878,0.56792175,0.926155099,0.131004437,0.943073156,0.023914264,0.74822172,0.329348673,0.208384034,0.735692288,0.954795114,0.393571312,0.687293294,0.17165608,0,0,0.813649163,0.81989751,0.617236073,0.0505,0.4354,0,14000,0.031544555,0.546214832,2.104466179,1.79695723,0.06276815,0.05838492,0.06,0.064596666,0.04363449,2.849164316,0.050827261,0.78484426,0.079133614,0.029647016,0.06,0.185261192,0.026387885,4.597745696,0.074101685,0.36462085,0.1212,0.303,0.7632426,0.353837664,0.643833782,0.831149794,0.621129284,0.845483668,0.687311578,20.2413606,22.9692315,23.48803252,1.515345159,41.58407329,37.46124231,5,5,5,5,5,5,5,5,5,5,5,5,5,5,5,5,5,5,0.6,0.7,0.6,0.7
0.24835951,0.097290578,0.223478047,0.081692799,0.185125394,0.152154327,0.248801957,0.05,0,0.1,0.4,0.102613897,0.061677414,0.196803926,0.015583459,0.082587268,0.099029592,0.02423766,0.045392689,1.045638749,6.555746456,4.364902258,1.977488964,0.043749699,0.054677006,0.070636254,0.083102649,0.425164798,0.513910606,0.640643743,0.237840499,0.608675779,0.921532236,0.538580419,0.244064111,0.635658137,0.536549325,0.976038096,0.837806068,0.154380484,0.78548662,0.512159213,0.869413819,0.752177241,0,0,0.757708054,0.599007903,0.545469589,0.0505,0.5454,0,14000,0.253920893,0.785390925,4.104850143,1.515067803,0.036940695,0.082897007,0.06,0.081086911,0.089758632,9.314175351,0.098051587,0.130442104,0.060858234,0.077857263,0.06,0.199514245,0.041896718,8.083183796,0.077614373,0.261515503,0.0606,0.303,0.074228157,0.252743494,0.016135013,0.464523682,0.21127245,0.219371339,0.022119831,19.94798253,36.03720868,43.89233561,28.98665345,34.37708095,74.82187792,5,5,5,5,5,5,5,5,5,5,5,5,5,5,5,5,5,5,0.6,0.7,0.6,0.7
0.030030453,0.039477412,0.075975781,0.047124495,0.064259259,0.04367644,0.239358506,0.05,0,0.1,0.4,0.042359771,0.153853967,0.154897772,0.195568587,0.070497437,0.069225094,0.046856927,0.074788252,8.973974187,6.058224498,7.930232317,3.551392376,0.083359377,0.015252543,0.060954066,0.084710846,0.416616152,0.966274187,0.55363311,0.714836701,0.53376919,0.726715918,0.875459056,0.147443978,0.81162173,0.707040893,0.544829953,0.842349323,0.339392659,0.179603125,0.332946984,0.772513425,0.832044836,0,0,0.931701801,0.609868986,0.578034263,0.0505,0.5454,0,14000,1.132722383,0.649011705,1.351702153,1.473775987,0.095917332,0.095351531,0.06,0.082681194,0.098452602,0.959177301,0.038842102,0.268277196,0.095163373,0.035635146,0.06,0.047316242,0.012451659,7.622571148,0.084783792,0.459925832,0.0909,0.303,0.505901775,0.513430623,0.553304226,0.49112549,0.585465189,0.202242935,0.0261273,16.6140073,78.63036348,11.03067449,45.54162207,43.87117615,52.4685669,5,5,5,5,5,5,5,5,5,5,5,5,5,5,5,5,5,5,0.6,0.7,0.6,0.7
0.03401755,0.08914214,0.118221072,0.021911744,0.237462207,0.108118312,0.08238217,0.05,0,0.1,0.4,0.138511194,0.038500119,0.189353029,0.097711395,0.035606652,0.05841041,0.01051011,0.074567603,8.025581436,0.376685574,3.378976267,5.583741991,0.061997528,0.082865356,0.034712604,0.013706423,0.735261856,0.894240887,0.373375584,0.234575924,0.275626184,0.327054138,0.446168223,0.670900872,0.315024965,0.016286869,0.022439491,0.632705329,0.381198777,0.38538768,0.315574091,0.517356697,0.862953648,0,0,0.10292382,0.32832685,0.859450658,0.0505,0.5454,0,14000,0.235533685,0.428505944,4.495872766,1.793752122,0.055199095,0.084490118,0.06,0.195465244,0.022592269,5.449673331,0.056446425,0.860424345,0.094394673,0.069204634,0.06,0.051756263,0.028766546,1.73175673,0.079506685,0.305000876,0.1212,0.303,0.826877937,0.071283195,0.496826695,0.366123911,0.825499192,0.599225854,0.961705704,1.538294647,65.67235061,90.56011003,89.09861541,15.8004262,20.58605228,5,5,5,5,5,5,5,5,5,5,5,5,5,5,5,5,5,5,0.6,0.7,0.6,0.7
0.087231893,0.224776725,0.062024934,0.016510271,0.207453583,0.202563525,0.019908693,0.05,0,0.1,0.4,0.097224664,0.111281796,0.090157791,0.02231274,0.052303307,0.025099868,0.087108971,0.072040492,8.420865561,1.093358032,1.7967973,8.267736305,0.09528494,0.084420225,0.036031085,0.051890152,0.882097199,0.714341996,0.930804651,0.213571522,0.089349674,0.210768693,0.973641934,0.498283361,0.247878594,0.755327487,0.188205381,0.781691603,0.044963165,0.859033693,0.764019132,0.839724042,0.087933082,0,0,0.97494354,0.533754592,0.814438556,0.0505,0.6554,0,14000,1.890210765,0.27863253,1.298643531,1.769273779,0.075744763,0.015505847,0.06,0.174023142,0.019838616,0.479925273,0.058652063,0.555150372,0.024021137,0.053101693,0.06,0.141799073,0.036327604,9.865978365,0.093658669,0.848268501,0.0606,0.303,0.60848462,0.761790557,0.614670096,0.496475881,0.43083566,0.279319104,0.248651334,84.75953015,68.7902574,55.98091055,22.75428739,14.43896911,5.080370978,5,5,5,5,5,5,5,5,5,5,5,5,5,5,5,5,5,5,0.6,0.7,0.6,0.7
0.226925371,0.105972361,0.23952091,0.088013447,0.170106556,0.043025304,0.105493197,0.05,0,0.1,0.4,0.041605207,0.18484991,0.181088492,0.113704719,0.03001133,0.085217648,0.033912176,0.072205541,2.14429213,3.282528014,2.765405234,3.930707288,0.080727822,0.093929027,0.048874039,0.081852475,0.59989185,0.516280766,0.577753441,0.074357613,0.172247182,0.08699411,0.80977432,0.889140214,0.129538181,0.728659673,0.371621451,0.542983313,0.420266342,0.891612357,0.966777499,0.574842415,0.365677102,0,0,0.21576634,0.828319259,0.573927157,0.0505,0.6554,0,14000,1.049960519,0.354809392,1.426564459,0.473250709,0.038937271,0.069792855,0.06,0.06086987,0.054047458,1.700099616,0.065460291,0.346728959,0.093367869,0.084425533,0.06,0.066199419,0.021996131,9.752031683,0.053288773,0.518006279,0.0909,0.303,0.887587245,0.284898848,0.115195902,0.641048365,0.386688712,0.846496131,0.885382023,31.24126445,70.66387779,55.71300206,71.98268338,8.757157298,47.05073365,5,5,5,5,5,5,5,5,5,5,5,5,5,5,5,5,5,5,0.6,0.7,0.6,0.7
0.056244082,0.011651002,0.072130421,0.087007343,0.230597875,0.060529992,0.085893429,0.05,0,0.1,0.4,0.094403295,0.006164148,0.172815163,0.01134607,0.065702853,0.063680755,0.010831143,0.073214183,7.941510875,2.831947987,7.034818949,2.093302999,0.083387821,0.083167549,0.02636356,0.035301447,0.90071796,0.828232729,0.245599282,0.65775277,0.23065588,0.626341974,0.016760732,0.45881181,0.899748816,0.311803363,0.04076654,0.276712777,0.510654138,0.966877705,0.953144773,0.309017235,0.849111056,0,0,0.349063494,0.721720668,0.267470731,0.0505,0.6554,0,14000,0.65724531,0.120517324,1.198796168,0.374439635,0.08782992,0.088384909,0.06,0.054513396,0.052850768,8.595061132,0.056960399,0.289164246,0.097666061,0.0110877,0.06,0.117563307,0.011361186,0.434198489,0.073370569,0.413168255,0.1212,0.303,0.799160694,0.230595508,0.775940951,0.016483891,0.966776349,0.547727118,0.447234651,80.98643015,46.68558799,13.86458413,0.72146731,76.86900501,83.11563195,5,5,5,5,5,5,5,5,5,5,5,5,5,5,5,5,5,5,0.6,0.7,0.6,0.7
0.043101114,0.012141819,0.200098783,0.076466173,0.144377036,0.017162922,0.081075258,0.05,0,0.1,0.4,0.107661244,0.134782645,0.087105364,0.191172026,0.070950503,0.094387213,0.095560703,0.08001191,7.726650995,1.076222446,4.45360359,9.487795339,0.039835275,0.024771833,0.069183434,0.018832181,0.457073747,0.968392026,0.527628636,0.818980543,0.824317312,0.305236191,0.739480214,0.29959916,0.190325353,0.985198805,0.457273013,0.167130026,0.86491966,0.19105977,0.044226773,0.852048155,0.289037869,0,0,0.727671157,0.608972385,0.696795682,0.0505,0.4354,0,14000,1.123446567,0.110561111,2.409049233,0.0400762,0.016833656,0.090098433,0.06,0.070571112,0.075757494,7.830702979,0.011629241,0.976974931,0.029764516,0.060754061,0.06,0.09913924,0.034375343,6.541279694,0.070320816,0.503347942,0.0606,0.404,0.652089577,0.207401994,0.603289378,0.081514385,0.828980934,0.591138168,0.255614921,47.30536866,63.22744216,22.28708509,64.03477651,35.49732121,27.34157501,5,5,5,5,5,5,5,5,5,5,5,5,5,5,5,5,5,5,0.6,0.7,0.6,0.7
0.20496256,0.217167411,0.032373094,0.076791036,0.23456941,0.248997946,0.249816931,0.05,0,0.1,0.4,0.191978077,0.121580411,0.083224301,0.043933091,0.034259069,0.023227704,0.045056352,0.063050997,7.170713705,0.857414559,0.888998597,5.903045,0.086480177,0.039569749,0.080902836,0.016767449,0.909799463,0.028682328,0.852652644,0.873300551,0.106511342,0.856649365,0.394412171,0.218997976,0.56610368,0.961560048,0.873804044,0.226810425,0.218857694,0.660026465,0.596469207,0.787412816,0.758184477,0,0,0.847385909,0.65702806,0.601020469,0.0505,0.4354,0,14000,1.504905121,0.334269204,1.58541339,0.965380805,0.035564939,0.068787845,0.06,0.188639078,0.095924765,7.391412212,0.089549092,0.611821482,0.059051168,0.03636879,0.06,0.10786636,0.046316806,7.137004468,0.082726315,0.431633706,0.0909,0.404,0.148931709,0.556793649,0.971675145,0.872886218,0.018209293,0.33955741,0.905302514,51.18769049,16.32627428,80.54622037,30.48245234,16.28863702,79.87803135,5,5,5,5,5,5,5,5,5,5,5,5,5,5,5,5,5,5,0.6,0.7,0.6,0.7
0.172670366,0.214055302,0.197844154,0.03030559,0.141225345,0.216916633,0.141650019,0.05,0,0.1,0.4,0.027732005,0.04131621,0.016599233,0.116900988,0.083579715,0.08590144,0.049968931,0.094632858,7.780980845,8.305881671,2.961072081,9.951016216,0.011749949,0.060016182,0.05461601,0.049733354,0.308852273,0.466038606,0.874927826,0.151370801,0.102031148,0.037249833,0.073508601,0.492026681,0.933705051,0.326031599,0.220797287,0.804495694,0.481616504,0.06632882,0.109658006,0.744854431,0.083363969,0,0,0.320410657,0.715004271,0.274577812,0.0505,0.4354,0,14000,1.986029183,0.792200751,2.840879725,0.091802427,0.010529358,0.019671766,0.06,0.169791302,0.073615473,4.944241589,0.040279034,0.191280737,0.074009545,0.022465133,0.06,0.072175405,0.061839675,1.275510839,0.046793295,0.340876023,0.1212,0.404,0.858828486,0.467247084,0.869515512,0.428101406,0.690368544,0.799839854,0.291464498,7.969094091,74.04213215,76.9310259,10.95515599,56.13224097,42.98003397,5,5,5,5,5,5,5,5,5,5,5,5,5,5,5,5,5,5,0.6,0.7,0.6,0.7
0.061132185,0.105316797,0.12564559,0.024864058,0.058311339,0.190997009,0.106989569,0.05,0,0.1,0.4,0.100120085,0.184671181,0.0510627,0.166582378,0.052448292,0.05204954,0.076960884,0.028817936,1.247363072,8.428044193,3.7921964,5.979786878,0.081348286,0.046707833,0.042928228,0.019672014,0.391258503,0.528984575,0.457278602,0.416999589,0.79834352,0.020187834,0.102400312,0.619968854,0.657676321,0.577593637,0.961723085,0.200245639,0.613481521,0.670866169,0.241069872,0.608587934,0.189171707,0,0,0.034679528,0.152410191,0.754196487,0.0505,0.5454,0,14000,0.398262172,0.905624843,0.94416237,1.057745789,0.054592888,0.050622882,0.06,0.006385214,0.010466569,7.560936485,0.09622421,0.85836511,0.070264838,0.012641913,0.06,0.079171733,0.082078218,7.970791319,0.021415232,0.8751029,0.0606,0.404,0.949957961,0.335133596,0.345474842,0.226181386,0.897625357,0.495393121,0.0856775,50.03279201,35.65380475,8.706175676,64.42216402,45.05124686,90.54679398,5,5,5,5,5,5,5,5,5,5,5,5,5,5,5,5,5,5,0.6,0.7,0.6,0.7
0.139974787,0.021803797,0.068545726,0.033950322,0.12427584,0.236764203,0.01903684,0.05,0,0.1,0.4,0.084212823,0.030228899,0.070379916,0.116314312,0.050039129,0.091310639,0.040875883,0.054959075,3.270594638,4.550344525,9.037076363,0.979657688,0.05499517,0.030687064,0.028954822,0.066790869,0.671098208,0.639398863,0.273076352,0.653148354,0.792102445,0.641303819,0.721959452,0.930445619,0.503190994,0.64456867,0.940639373,0.662217205,0.742383555,0.222203634,0.354532131,0.247997981,0.453517644,0,0,0.19053556,0.69645371,0.483568287,0.0505,0.5454,0,14000,0.241168139,0.188444862,0.911280581,0.442801294,0.044010931,0.080891666,0.06,0.090160075,0.036729256,6.07534501,0.069944441,0.917063824,0.093963457,0.076685132,0.06,0.175697695,0.068741453,7.473967576,0.021168719,0.403863977,0.0909,0.404,0.153238736,0.154064495,0.2582936,0.338463077,0.525246503,0.726799604,0.609083286,62.34341513,43.39224738,98.08610883,22.74361432,65.24552521,91.13589353,5,5,5,5,5,5,5,5,5,5,5,5,5,5,5,5,5,5,0.6,0.7,0.6,0.7
0.221202406,0.13163996,0.107372055,0.071061057,0.045639498,0.171571757,0.197108411,0.05,0,0.1,0.4,0.06680236,0.164283196,0.154946445,0.104006257,0.033474311,0.09633625,0.032550494,0.03768386,6.534496467,8.103563124,7.799926405,0.959129168,0.015870416,0.095332995,0.025140356,0.044206353,0.079203157,0.893240842,0.554593925,0.891709566,0.56831293,0.789582421,0.820302693,0.407396645,0.336532472,0.186642533,0.351085459,0.864372164,0.930016214,0.097972718,0.907068859,0.631822864,0.400832157,0,0,0.726952957,0.771010891,0.712476089,0.0505,0.5454,0,14000,0.976694044,0.46684832,4.488379937,1.402592758,0.069064658,0.096746106,0.06,0.023265361,0.067844915,3.912850944,0.099171391,0.933373224,0.08940709,0.051922983,0.06,0.016734707,0.030296477,5.570968844,0.022085172,0.745481544,0.1212,0.404,0.210474061,0.078511623,0.127768629,0.71686984,0.117311651,0.613337399,0.014926042,16.01593548,77.54512941,70.62002206,93.29066114,88.1888954,32.28213291,5,5,5,5,5,5,5,5,5,5,5,5,5,5,5,5,5,5,0.6,0.7,0.6,0.7
0.239419808,0.072063803,0.189778728,0.065333549,0.211141611,0.236218298,0.061428535,0.05,0,0.1,0.4,0.071684158,0.056419448,0.118769909,0.141573266,0.029433815,0.076269806,0.039756567,0.093061307,7.740349141,7.302762708,9.948106797,8.55611813,0.089134574,0.056908099,0.042684016,0.024710731,0.465328763,0.970864822,0.13574915,0.552525671,0.815380662,0.284276634,0.241785601,0.677758564,0.980403059,0.308723224,0.243534815,0.956679672,0.585482322,0.45682287,0.51040632,0.599935232,0.47564724,0,0,0.049299323,0.237715624,0.029747771,0.0505,0.6554,0,14000,0.192152207,0.627132864,0.884056488,1.539137755,0.027234516,0.040088703,0.06,0.045871371,0.069148506,9.583183909,0.036530397,0.654934301,0.010622822,0.041551252,0.06,0.170488867,0.021348793,5.889410765,0.085240046,0.352695887,0.0606,0.404,0.47253538,0.831909534,0.060114302,0.250435081,0.4711272,0.582031692,0.276177278,7.86562534,54.30388493,25.70167459,78.9669411,36.18582478,44.5892944,5,5,5,5,5,5,5,5,5,5,5,5,5,5,5,5,5,5,0.6,0.7,0.6,0.7
0.18747496,0.141151683,0.150564214,0.026626566,0.141015061,0.026867742,0.1416393,0.05,0,0.1,0.4,0.165034261,0.052437388,0.177423645,0.054933975,0.076324062,0.022207835,0.024784605,0.068258615,1.790599872,3.99008112,4.3638864,0.535069413,0.085654555,0.010578902,0.035763591,0.030140868,0.176499131,0.96144641,0.377964468,0.367566041,0.893614081,0.420736733,0.239733068,0.39827499,0.90204176,0.793418858,0.769883449,0.498272923,0.692142076,0.451020353,0.137339596,0.88079488,0.881197316,0,0,0.383592799,0.815166139,0.948115837,0.0505,0.6554,0,14000,0.910351274,0.709825085,4.395215767,0.731195528,0.094570666,0.057494325,0.06,0.108460467,0.027147261,7.364321665,0.063121313,0.878965989,0.094069584,0.031222205,0.06,0.177607145,0.013674768,4.13897787,0.058577308,0.500052277,0.0909,0.404,0.043532598,0.720493659,0.94489909,0.051546596,0.052203203,0.436983008,0.37824997,51.67524039,65.94344426,18.52952177,27.96407177,18.12599762,29.56383759,5,5,5,5,5,5,5,5,5,5,5,5,5,5,5,5,5,5,0.6,0.7,0.6,0.7
0.039984408,0.152393126,0.217082691,0.0873173,0.156626013,0.244432641,0.113854158,0.05,0,0.1,0.4,0.013550952,0.061132714,0.007366143,0.164399628,0.049021355,0.061929699,0.058566739,0.062870366,9.725327096,7.757809109,5.093471592,0.201215034,0.05857719,0.093796114,0.032476594,0.04109976,0.198985036,0.015970662,0.341063817,0.378163317,0.685561184,0.616160637,0.053554701,0.913999826,0.726944445,0.557232013,0.18236575,0.497863946,0.950258101,0.982049503,0.983489422,0.147661455,0.603961623,0,0,0.610114161,0.819587608,0.738858581,0.0505,0.6554,0,14000,0.803525819,0.22476141,3.995900694,1.248132781,0.077123999,0.094093683,0.06,0.105316274,0.081492897,7.315101656,0.052873157,0.285411566,0.084303903,0.04554416,0.06,0.18779362,0.061821685,8.062249355,0.085893165,0.515942706,0.1212,0.404,0.534267196,0.758930117,0.573737863,0.351219792,0.238364249,0.904852665,0.199907312,3.663930297,78.46592483,89.07121127,93.47901759,19.22596835,37.43306696,5,5,5,5,5,5,5,5,5,5,5,5,5,5,5,5,5,5,0.6,0.7,0.6,0.7
0.046557753,0.161831276,0.065191428,0.0906378,0.230576674,0.111706434,0.234529771,0.05,0,0.1,0.4,0.167288174,0.007294121,0.131979535,0.170189263,0.084648463,0.092442498,0.076100876,0.044424406,1.896581643,2.221988137,9.685859508,4.8041188,0.083881609,0.069209731,0.087183535,0.085543567,0.906704402,0.149567502,0.325795485,0.356564138,0.026459483,0.684096919,0.212707307,0.450622105,0.485553579,0.307586044,0.601687749,0.558035346,0.722913775,0.46119933,0.443791926,0.773074079,0.206114928,0,0,0.399515859,0.787870183,0.621316688,0.0606,0.4354,0,14000,0.174585505,0.103601165,2.205258084,0.521966946,0.091310459,0.061470296,0.06,0.038592685,0.027024076,7.736247778,0.066977464,0.349843821,0.037511128,0.011362519,0.06,0.074430131,0.082462818,4.557555586,0.076517634,0.454499342,0.0606,0.202,0.968616985,0.268468544,0.989168914,0.455832809,0.807926803,0.553519664,0.715143807,32.66410939,8.295979234,21.77077949,9.401416173,90.17698104,87.8018162,5,5,5,5,5,5,5,5,5,5,5,5,5,5,5,5,5,5,0.6,0.7,0.6,0.7
0.150269233,0.048048876,0.072418668,0.081241137,0.058994447,0.073349716,0.160335938,0.05,0,0.1,0.4,0.126657902,0.181165293,0.17567503,0.019891254,0.04026917,0.033724363,0.099354232,0.080188082,6.524026692,7.38828721,0.732473421,4.09972036,0.01244215,0.04493122,0.036070085,0.098746098,0.216005285,0.66579972,0.186406074,0.13548409,0.102493334,0.718919385,0.136056521,0.032710598,0.369849254,0.126129515,0.539690882,0.537721509,0.63505898,0.947012081,0.378218495,0.719372758,0.348568887,0,0,0.482254581,0.083531466,0.820422582,0.0606,0.4354,0,14000,1.408338482,0.672761918,2.464095741,1.99182405,0.057954721,0.048972493,0.06,0.198015784,0.079307407,2.95893502,0.071344351,0.477780501,0.017548348,0.071673694,0.06,0.036784545,0.0232231,6.924961675,0.085163579,0.630159204,0.0909,0.202,0.952455628,0.021172094,0.642390812,0.58747436,0.291717733,0.374233311,0.718020264,76.00971789,53.27049128,95.56644238,33.68175023,18.06311377,5.472309003,5,5,5,5,5,5,5,5,5,5,5,5,5,5,5,5,5,5,0.6,0.7,0.6,0.7
0.019572576,0.027639572,0.177526835,0.075518961,0.137734357,0.226968186,0.077846141,0.05,0,0.1,0.4,0.077167515,0.075502283,0.175948011,0.081224649,0.051516365,0.07169024,0.088134013,0.098865362,9.729590395,6.004224825,7.858713237,5.898815063,0.017607632,0.089126636,0.035311371,0.086535874,0.041831373,0.121864427,0.55545353,0.839598576,0.529848133,0.402245975,0.301022817,0.39363668,0.115950716,0.937235285,0.263508397,0.618849662,0.777806764,0.418520445,0.522614394,0.329722385,0.08966752,0,0,0.113645871,0.717401996,0.881306375,0.0606,0.4354,0,14000,1.077540018,0.642367764,1.530981944,1.01162941,0.037603394,0.07237931,0.06,0.04129885,0.045025906,6.03850347,0.085253833,0.010705554,0.093481739,0.090431216,0.06,0.126879441,0.076297333,8.70883707,0.015408255,0.746969372,0.1212,0.202,0.271566734,0.254807861,0.047172816,0.931694808,0.079749524,0.28680968,0.246808509,96.20835443,36.06529685,59.68296267,49.75446595,24.27916015,54.90162387,5,5,5,5,5,5,5,5,5,5,5,5,5,5,5,5,5,5,0.6,0.7,0.6,0.7
0.218354909,0.059310927,0.211032784,0.062828543,0.209136454,0.025588847,0.034793413,0.05,0,0.1,0.4,0.084755961,0.115204289,0.146856552,0.089415487,0.083686341,0.072864932,0.088401754,0.094505162,3.320488646,0.303968228,1.752549605,8.511621321,0.051263731,0.059067282,0.027081864,0.035334315,0.081138015,0.745390801,0.397276858,0.765835888,0.968082714,0.802721272,0.402396124,0.827665649,0.147519468,0.261542517,0.215943338,0.973656079,0.722785197,0.237978808,0.477877349,0.638135761,0.497270272,0,0,0.420137547,0.788259538,0.277616447,0.0606,0.5454,0,14000,1.280990494,0.261302456,1.949673302,1.481906136,0.041344464,0.035881475,0.06,0.151944633,0.051601047,6.707295401,0.051220894,0.621724057,0.05451549,0.015054686,0.06,0.056486335,0.052180646,9.088078542,0.011583963,0.787206592,0.0606,0.202,0.128673386,0.231328363,0.194188251,0.467709749,0.150554862,0.417332025,0.433100472,58.97351536,86.77469199,53.68948551,20.08047295,36.80045879,18.22636854,5,5,5,5,5,5,5,5,5,5,5,5,5,5,5,5,5,5,0.6,0.7,0.6,0.7
0.246793307,0.071204466,0.206983265,0.032886316,0.070008068,0.101362964,0.242677828,0.05,0,0.1,0.4,0.016167829,0.084465594,0.159916436,0.158886177,0.029042337,0.057503386,0.026125293,0.07305802,0.509653271,0.675654095,2.095671829,0.291482953,0.092494998,0.025223086,0.053416505,0.057714625,0.161717342,0.539825598,0.967835308,0.597149097,0.08929847,0.703785807,0.707074001,0.543962178,0.368557611,0.556835767,0.693852206,0.824014575,0.250817514,0.395771268,0.12375821,0.503070433,0.080676738,0,0,0.331939911,0.808016716,0.194189377,0.0606,0.5454,0,14000,0.156717394,0.034487839,1.331209795,1.875797513,0.068891439,0.054983584,0.06,0.027104118,0.020651156,5.343544681,0.039827143,0.163907542,0.035088738,0.041029472,0.06,0.097380103,0.078955994,8.884685773,0.080296615,0.090988968,0.0909,0.202,0.582251428,0.036340326,0.612853669,0.115759391,0.542660792,0.265157524,0.594637747,43.96576555,31.38770382,5.652405391,18.9167588,72.21554636,70.35441673,5,5,5,5,5,5,5,5,5,5,5,5,5,5,5,5,5,5,0.6,0.7,0.6,0.7
0.215274647,0.040466722,0.131913402,0.045330184,0.16796892,0.225126928,0.144597567,0.05,0,0.1,0.4,0.06983324,0.140722025,0.10362472,0.052057119,0.050419941,0.027333755,0.032958247,0.095061265,7.34725127,6.64592576,0.945192948,6.93706102,0.023210242,0.083678732,0.056905253,0.031773939,0.309285833,0.123329194,0.755091881,0.047671812,0.097559564,0.87492167,0.827642554,0.118451374,0.048338038,0.812401582,0.688390704,0.923465626,0.198435227,0.394321285,0.0326301,0.079481281,0.908872159,0,0,0.448626126,0.424734687,0.020789231,0.0606,0.5454,0,14000,1.274303475,0.159433281,1.453779544,0.362700153,0.033376388,0.019265055,0.06,0.076700769,0.076979708,1.614262997,0.069504467,0.022736097,0.022505658,0.052173801,0.06,0.133005751,0.013052168,0.370769131,0.069844693,0.18752238,0.1212,0.202,0.784433087,0.140866312,0.610687161,0.436892641,0.563088837,0.149917912,0.977710892,55.76998724,63.69540566,38.54150528,80.95086555,68.14090803,55.66245916,5,5,5,5,5,5,5,5,5,5,5,5,5,5,5,5,5,5,0.6,0.7,0.6,0.7
0.023105465,0.164987092,0.187518201,0.026299969,0.086135055,0.159393983,0.227027993,0.05,0,0.1,0.4,0.120849101,0.176203016,0.115813602,0.021300789,0.059472027,0.031760557,0.022717087,0.059192618,9.838972636,6.531055982,6.244226908,7.334814249,0.059427568,0.042931138,0.013432709,0.028411382,0.237739617,0.252232106,0.707987606,0.434837126,0.466471378,0.690650659,0.592158561,0.091152855,0.198511791,0.620051557,0.15885534,0.851112494,0.660812077,0.743107478,0.620956253,0.721285523,0.863503467,0,0,0.532036923,0.310046042,0.087435461,0.0606,0.6554,0,14000,1.731298772,0.138358806,4.608404057,0.258670126,0.02937824,0.045845348,0.06,0.055809217,0.05804141,4.684802687,0.080233994,0.553348379,0.02389491,0.065602589,0.06,0.018923627,0.095033649,3.636830547,0.025449316,0.456338472,0.0606,0.202,0.551862977,0.497238853,0.629109078,0.451920043,0.433122159,0.338630894,0.790540683,72.71497336,39.9860288,91.64701605,40.67719954,49.09193669,93.82432636,5,5,5,5,5,5,5,5,5,5,5,5,5,5,5,5,5,5,0.6,0.7,0.6,0.7
0.139075919,0.213501513,0.059709209,0.025929785,0.187979095,0.173913157,0.17016625,0.05,0,0.1,0.4,0.034212224,0.016860563,0.14954406,0.193209159,0.075783194,0.059762821,0.082907781,0.064822817,6.415932439,6.271347851,7.689497729,1.611751984,0.053818997,0.052209488,0.065594801,0.05274986,0.075634936,0.199775079,0.783155553,0.266897654,0.588640068,0.555645461,0.819124806,0.875913976,0.786544385,0.85558727,0.151789114,0.185258237,0.517863322,0.746214341,0.899469989,0.403197222,0.60247151,0,0,0.922712495,0.543457168,0.614615243,0.0606,0.6554,0,14000,1.020091562,0.716746107,3.505267549,0.806934706,0.09325825,0.028132786,0.06,0.069926024,0.082965495,1.633415222,0.023295872,0.805611628,0.035099901,0.015658703,0.06,0.006459772,0.05926627,6.744709744,0.095627199,0.074443217,0.0909,0.202,0.170568654,0.926492338,0.167405776,0.454254127,0.60746704,0.869441426,0.076384255,90.6979545,13.80250466,82.12908742,32.82132605,88.47000042,33.16881082,5,5,5,5,5,5,5,5,5,5,5,5,5,5,5,5,5,5,0.6,0.7,0.6,0.7
0.03390124,0.240424936,0.069046824,0.029434812,0.108503109,0.1519151,0.23160861,0.05,0,0.1,0.4,0.111326252,0.026872224,0.03440274,0.096393541,0.032693012,0.054384467,0.018846424,0.040743306,0.858478583,6.366627235,5.855421359,4.660891097,0.030572426,0.020812147,0.086328531,0.04956315,0.965343514,0.907895287,0.074898544,0.018002925,0.961116626,0.620352952,0.423709864,0.209897393,0.682740957,0.762073431,0.744348677,0.309203997,0.02219051,0.210479465,0.48354543,0.093681401,0.804356672,0,0,0.277166331,0.450963112,0.327577144,0.0606,0.6554,0,14000,1.825793635,0.093953366,3.155709086,0.118057027,0.066847087,0.031715698,0.06,0.119184775,0.03894492,8.078957261,0.059198464,0.231781547,0.075678114,0.021442452,0.06,0.025001387,0.040280247,3.414132241,0.08026717,0.395425801,0.1212,0.202,0.069897184,0.053304203,0.509534451,0.948275783,0.074235947,0.306264208,0.844363404,74.31015109,48.00979919,72.48731134,57.70793937,10.87477372,7.355776383,5,5,5,5,5,5,5,5,5,5,5,5,5,5,5,5,5,5,0.6,0.7,0.6,0.7
0.207818001,0.159870718,0.018003784,0.067363189,0.243490271,0.03198706,0.12725423,0.05,0,0.1,0.4,0.027692164,0.06042859,0.059166334,0.093101327,0.063222617,0.050909018,0.058361742,0.018472537,6.656471777,0.29566911,1.974254486,3.79529767,0.010047144,0.061295567,0.097336176,0.070363936,0.618632254,0.859271206,0.049848735,0.602030972,0.968783605,0.545429809,0.757463796,0.53281477,0.54760026,0.808377141,0.587122002,0.047047976,0.949377319,0.919785649,0.501983437,0.07719272,0.405351961,0,0,0.663791528,0.25321709,0.921544452,0.0606,0.4354,0,14000,1.541696169,0.675208369,2.387897728,1.884678223,0.092226347,0.018749493,0.06,0.036968062,0.052153966,7.292901243,0.065240023,0.377801248,0.015848861,0.011034705,0.06,0.119244687,0.03091463,0.551678811,0.090277502,0.761352268,0.0606,0.303,0.06837578,0.210376311,0.080104239,0.658581787,0.917421866,0.925818081,0.190063428,48.78792784,99.66384477,73.41811799,54.32595063,48.05890287,52.36777815,5,5,5,5,5,5,5,5,5,5,5,5,5,5,5,5,5,5,0.6,0.7,0.6,0.7
0.083527111,0.097051719,0.041797859,0.034837176,0.093204796,0.128528058,0.120891884,0.05,0,0.1,0.4,0.115869003,0.13283635,0.069280913,0.028698543,0.089133559,0.058759412,0.044255069,0.093266729,2.4425379,4.203447448,9.670419786,1.631659535,0.074062518,0.095936502,0.03505756,0.065222719,0.728884872,0.099482492,0.227150405,0.424902117,0.653297886,0.333085097,0.450766891,0.271292582,0.201533506,0.329271843,0.436669249,0.451755545,0.116837996,0.312281685,0.74822744,0.389106828,0.907158432,0,0,0.703008011,0.636320955,0.947331822,0.0606,0.4354,0,14000,0.669263937,0.007399205,2.96794706,1.152550646,0.053159401,0.088251462,0.06,0.037652216,0.094340779,3.678311754,0.055537531,0.292634442,0.067373031,0.04504229,0.06,0.125570234,0.07914666,2.527881386,0.042388968,0.469202572,0.0909,0.303,0.36804116,0.527679146,0.591255453,0.036329823,0.752093222,0.904176146,0.79683201,96.18955527,79.83872043,44.70499738,38.57736229,60.37334993,12.74391213,5,5,5,5,5,5,5,5,5,5,5,5,5,5,5,5,5,5,0.6,0.7,0.6,0.7
0.120191136,0.180176635,0.140805392,0.037566404,0.193955905,0.012844499,0.046592518,0.05,0,0.1,0.4,0.019203458,0.083886186,0.18623778,0.128920593,0.063966885,0.083135186,0.019283595,0.090106699,2.156157529,8.254027923,4.303605861,6.766366446,0.07596716,0.048734139,0.070442458,0.096390219,0.657506192,0.345950442,0.750529929,0.140950099,0.394790134,0.1839505,0.890784429,0.858995129,0.469950905,0.807830199,0.908892918,0.191603237,0.445823455,0.976064453,0.882662114,0.241376116,0.225676833,0,0,0.467649507,0.629308487,0.823883608,0.0606,0.4354,0,14000,1.51895602,0.233742782,1.950214561,1.06521475,0.034310109,0.099277788,0.06,0.090143547,0.023882297,4.084838342,0.063672768,0.25896909,0.068394833,0.059367699,0.06,0.038296487,0.032590329,2.618126927,0.012335939,0.766109236,0.1212,0.303,0.283490709,0.456192343,0.238105193,0.865154664,0.90257238,0.56096571,0.317480502,54.2855805,18.57385805,46.10961538,27.57249279,82.91267287,22.55231468,5,5,5,5,5,5,5,5,5,5,5,5,5,5,5,5,5,5,0.6,0.7,0.6,0.7
0.077329077,0.079599088,0.017027065,0.019983573,0.134783926,0.227797003,0.159232296,0.05,0,0.1,0.4,0.074986518,0.121960812,0.052380922,0.166609476,0.093358725,0.08779917,0.091855564,0.030982438,8.17837551,3.287663735,7.964390554,5.532518947,0.04825899,0.06581543,0.079398644,0.092356032,0.132033068,0.362982277,0.19828257,0.895918521,0.570799498,0.326893834,0.512500553,0.413226465,0.586868837,0.046046312,0.760757006,0.264236911,0.913004569,0.706267142,0.214490748,0.858580021,0.379803827,0,0,0.2613259,0.339091555,0.191410669,0.0606,0.5454,0,14000,0.312211473,0.86949311,0.01295771,0.813748128,0.079947924,0.09249307,0.06,0.133698853,0.099282885,2.239213954,0.099114355,0.185775054,0.017019893,0.096997149,0.06,0.043038684,0.066992287,9.272188442,0.039134532,0.260013878,0.0606,0.303,0.420901563,0.355762043,0.329045934,0.888180004,0.143606372,0.407633392,0.972865925,5.359588959,81.40658105,11.6797511,29.83833901,81.73128825,40.57250686,5,5,5,5,5,5,5,5,5,5,5,5,5,5,5,5,5,5,0.6,0.7,0.6,0.7
0.237459373,0.2451646,0.087418219,0.032567684,0.23062869,0.059342768,0.168370189,0.05,0,0.1,0.4,0.156902172,0.16633896,0.111299293,0.075348195,0.017070649,0.091413051,0.091772106,0.037614777,9.923486344,3.433395594,2.007899648,1.222834152,0.045850987,0.070847826,0.05927219,0.070982334,0.459331816,0.181266462,0.809263748,0.568586819,0.701156622,0.31992561,0.3270576,0.867249274,0.803660538,0.296396009,0.257598214,0.29828055,0.369782497,0.052299636,0.402308133,0.362574167,0.57895322,0,0,0.100185455,0.9118201,0.492914378,0.0606,0.5454,0,14000,1.960654131,0.911593203,1.365458216,0.530808188,0.081312334,0.02850939,0.06,0.124883613,0.060385714,7.710640363,0.095401659,0.642088657,0.048017493,0.030375279,0.06,0.196915783,0.074005592,8.014854665,0.031033128,0.614700602,0.0909,0.303,0.816287736,0.942250154,0.088052315,0.805145517,0.065793055,0.199831847,0.381738877,57.86525274,55.13667518,58.34541947,39.11286418,77.5015797,54.27166673,5,5,5,5,5,5,5,5,5,5,5,5,5,5,5,5,5,5,0.6,0.7,0.6,0.7
0.054687679,0.021446604,0.091697408,0.055526339,0.168068245,0.072703533,0.153302693,0.05,0,0.1,0.4,0.178151531,0.055683142,0.119186819,0.110269378,0.027284101,0.090549831,0.097934078,0.047474402,8.491882959,7.926921048,3.672840279,8.511641964,0.097109441,0.056623066,0.015468556,0.084889709,0.787076071,0.551115101,0.394417591,0.944842864,0.29105193,0.21027355,0.864741967,0.478568096,0.265228948,0.757964311,0.289422672,0.709583447,0.232615506,0.939048682,0.624507571,0.773380873,0.917846662,0,0,0.553579309,0.021114102,0.760624,0.0606,0.5454,0,14000,1.47066749,0.943380457,3.358402943,1.281234605,0.079169392,0.037423575,0.06,0.002781904,0.031640262,1.796946691,0.022635269,0.952687536,0.020871458,0.038400046,0.06,0.113252977,0.075857958,1.62103672,0.017053515,0.942539979,0.1212,0.303,0.107619397,0.239716436,0.953683341,0.731902784,0.821586294,0.537696688,0.429554085,46.88709574,53.81035774,2.944701724,67.43585453,43.1529962,28.12745303,5,5,5,5,5,5,5,5,5,5,5,5,5,5,5,5,5,5,0.6,0.7,0.6,0.7
0.098215301,0.075913805,0.205137331,0.016081128,0.172885209,0.12858368,0.156997527,0.05,0,0.1,0.4,0.011452146,0.106762938,0.029544593,0.185340939,0.011984298,0.096933892,0.049975699,0.085982051,5.308312767,8.23926195,7.182283227,1.412872048,0.068804733,0.056930561,0.069361341,0.017778737,0.73529841,0.637843848,0.384300701,0.666802048,0.185009092,0.189472499,0.94919653,0.017098396,0.097112269,0.213296882,0.361090173,0.67350204,0.474802078,0.937926483,0.082685287,0.468434306,0.802057377,0,0,0.386919436,0.79846463,0.605530576,0.0606,0.6554,0,14000,1.577697711,0.851202367,0.956938064,0.6045555,0.054821236,0.046253092,0.06,0.108375716,0.092701128,6.824639277,0.057138439,0.551914813,0.020606355,0.020181739,0.06,0.183383618,0.043729035,1.274270443,0.051769974,0.739032141,0.0606,0.303,0.863641875,0.33519878,0.760553191,0.587620453,0.509798893,0.853415134,0.671722968,60.87615199,92.62020614,39.42558006,40.65951989,58.641139,1.213660766,5,5,5,5,5,5,5,5,5,5,5,5,5,5,5,5,5,5,0.6,0.7,0.6,0.7
0.13828136,0.194834108,0.133226107,0.050809888,0.188426713,0.107991362,0.16616231,0.05,0,0.1,0.4,0.182014745,0.119920736,0.122237615,0.092986087,0.078646007,0.05992089,0.043944998,0.074304815,6.636874843,1.140446269,3.136810556,7.784832928,0.062540358,0.054743359,0.077021949,0.058552787,0.171601985,0.875069458,0.673699825,0.107641102,0.737268022,0.205958165,0.310479176,0.229836952,0.288931885,0.7634065,0.350418935,0.861344859,0.865462294,0.698848538,0.670875165,0.599223623,0.059443218,0,0,0.539310292,0.374848815,0.899429426,0.0606,0.6554,0,14000,0.172118057,0.910425748,0.426184109,0.824522225,0.046997286,0.099349423,0.06,0.141583847,0.092850728,7.418447759,0.067761167,0.385706866,0.068435264,0.095744947,0.06,0.150120132,0.092705902,3.797385048,0.034431265,0.197947744,0.0909,0.303,0.389603567,0.881526806,0.890700425,0.8050297,0.492322742,0.817500992,0.944047017,64.64801782,50.24033615,19.29076144,24.27211842,81.67577854,65.24880463,5,5,5,5,5,5,5,5,5,5,5,5,5,5,5,5,5,5,0.6,0.7,0.6,0.7
0.203541073,0.208327976,0.170450574,0.086151426,0.242553162,0.200508946,0.147827927,0.05,0,0.1,0.4,0.188176602,0.144488449,0.173955623,0.049065117,0.037388629,0.082525104,0.043748272,0.011937893,7.062238629,9.47236127,8.18049124,3.430065799,0.072436153,0.061365752,0.022116504,0.086948344,0.2714746,0.818460338,0.867959539,0.771456721,0.583323055,0.805506498,0.459673983,0.778906289,0.053029608,0.253387063,0.640330159,0.303682492,0.367703826,0.56245102,0.842933808,0.232214282,0.755163893,0,0,0.305778379,0.225646658,0.874956542,0.0606,0.6554,0,14000,1.716684889,0.194130089,2.618740539,1.908632121,0.044355079,0.090076809,0.06,0.022816573,0.067063394,9.480800482,0.059911606,0.92457798,0.036551569,0.034709193,0.06,0.16695499,0.062066517,6.867763591,0.075161048,0.410978862,0.1212,0.303,0.326810695,0.820738486,0.019735851,0.648191012,0.261058152,0.069638511,0.623253065,73.5341653,36.47112544,45.83237846,52.55164036,29.4372312,79.29773573,5,5,5,5,5,5,5,5,5,5,5,5,5,5,5,5,5,5,0.6,0.7,0.6,0.7
0.188029868,0.082979549,0.118761911,0.071142714,0.158996037,0.081613759,0.224329172,0.05,0,0.1,0.4,0.162423552,0.011573622,0.074962114,0.173565869,0.062852231,0.05270866,0.091296146,0.065850804,6.39927848,2.095428153,5.046416349,2.564339754,0.083349227,0.068232693,0.043988834,0.018164948,0.597987851,0.981942972,0.321013945,0.741218916,0.408166892,0.488169524,0.361101181,0.440189472,0.550395655,0.632088602,0.264830453,0.199602248,0.250826054,0.10588286,0.224651092,0.756637576,0.531956038,0,0,0.829881559,0.112990577,0.749453544,0.0606,0.4354,0,14000,1.744971174,0.436789928,1.87208847,0.964585382,0.074952697,0.016412132,0.06,0.111037026,0.0230969,4.902669238,0.084717285,0.061769346,0.066956284,0.069273221,0.06,0.195621334,0.048347439,0.040751894,0.066429038,0.424594491,0.0606,0.404,0.379657685,0.331928882,0.960874346,0.830121487,0.071698437,0.090868599,0.314037141,61.16175137,75.69122391,56.34770088,20.75056017,23.66988135,46.91538413,5,5,5,5,5,5,5,5,5,5,5,5,5,5,5,5,5,5,0.6,0.7,0.6,0.7
0.117083899,0.131512522,0.1219545,0.048362668,0.120297056,0.045604399,0.088877735,0.05,0,0.1,0.4,0.134534893,0.037363629,0.059840357,0.111584649,0.058657172,0.050010379,0.072612845,0.066991145,4.696080608,4.921614591,1.980911326,3.056960211,0.014077122,0.038676267,0.090968485,0.044367579,0.012691979,0.351512154,0.253674904,0.887015322,0.466842182,0.318948314,0.357207185,0.26785366,0.876556897,0.47757508,0.510692953,0.60345118,0.291051502,0.88012539,0.066440924,0.727909151,0.967822857,0,0,0.981220857,0.664809083,0.703748539,0.0606,0.4354,0,14000,1.59237333,0.14525152,2.530700087,1.035001041,0.080495431,0.038225997,0.06,0.133222496,0.021609605,3.831133088,0.024419625,0.421889335,0.073903468,0.028600143,0.06,0.065299066,0.014782552,5.911539025,0.044885626,0.834805895,0.0909,0.404,0.192263882,0.294510632,0.256957577,0.752929256,0.164508125,0.344386926,0.938464912,1.498037297,91.92763772,85.32717985,1.098732906,53.98841316,35.86168368,5,5,5,5,5,5,5,5,5,5,5,5,5,5,5,5,5,5,0.6,0.7,0.6,0.7
0.186998004,0.167999036,0.178182548,0.01712154,0.062369005,0.153286519,0.080104853,0.05,0,0.1,0.4,0.084371332,0.119542209,0.100834644,0.069050215,0.074970505,0.011113018,0.040054044,0.057505363,6.391837206,2.997477762,6.257108785,5.570424125,0.022313279,0.084363268,0.016436699,0.056158587,0.212541039,0.17893537,0.030935234,0.389720625,0.378618096,0.497179364,0.56624979,0.028148522,0.200836312,0.528219106,0.140882324,0.987939068,0.457446456,0.591895597,0.810894492,0.047961548,0.09823074,0,0,0.430389189,0.697821255,0.046679707,0.0606,0.4354,0,14000,0.840211644,0.303302774,3.121222666,0.423750777,0.067660355,0.032954042,0.06,0.139148351,0.077831769,5.435644062,0.02390717,0.435738033,0.017205226,0.078070106,0.06,0.07952527,0.017346144,9.07228359,0.053443611,0.874735027,0.1212,0.404,0.330419135,0.158904025,0.554229744,0.356495605,0.586238649,0.583580218,0.439487057,20.65857884,32.29386106,25.34481508,44.01669223,3.569837031,6.924241967,5,5,5,5,5,5,5,5,5,5,5,5,5,5,5,5,5,5,0.6,0.7,0.6,0.7
0.019994645,0.114241027,0.218241367,0.055598725,0.194524239,0.014840705,0.0889809,0.05,0,0.1,0.4,0.006053421,0.083412865,0.188350425,0.182529745,0.06521336,0.064505502,0.011714456,0.017337067,2.899828728,0.922324636,0.254500408,2.151760934,0.032573054,0.046283103,0.064158937,0.092600016,0.541428347,0.036270249,0.168151007,0.307376791,0.157620282,0.479599785,0.846167968,0.435180698,0.984916576,0.847488842,0.445281253,0.840710885,0.671713988,0.741919554,0.551501788,0.266875911,0.379820411,0,0,0.678059653,0.597881811,0.899912601,0.0606,0.5454,0,14000,1.121146949,0.941582567,0.127575471,0.424001991,0.094588278,0.021043361,0.06,0.119971558,0.09702325,5.602932491,0.074868994,0.153125046,0.020143768,0.044135918,0.06,0.136901062,0.067980816,8.563635247,0.013524691,0.237344073,0.0606,0.404,0.424122443,0.911694734,0.967839495,0.548170547,0.733857032,0.207783691,0.960441796,31.00406183,98.37857578,98.53209856,52.57077904,12.99025905,3.511131089,5,5,5,5,5,5,5,5,5,5,5,5,5,5,5,5,5,5,0.6,0.7,0.6,0.7
0.026496902,0.017912064,0.175187786,0.025900469,0.112701607,0.051086753,0.224306555,0.05,0,0.1,0.4,0.100796998,0.198118954,0.032328432,0.078582291,0.023349488,0.05583734,0.01701601,0.080521779,2.706030128,7.070020328,3.76793938,8.354072319,0.065747705,0.02711778,0.082300705,0.052284126,0.210391123,0.875551288,0.797170552,0.40126689,0.63143416,0.443149014,0.631468398,0.420676014,0.028881286,0.876933111,0.047018558,0.42287706,0.563372633,0.284991992,0.070358709,0.944813435,0.25631097,0,0,0.55603279,0.917692068,0.91150562,0.0606,0.5454,0,14000,0.109105701,0.564971283,4.960273162,0.08521582,0.038771548,0.061924975,0.06,0.180118984,0.08924084,9.599726109,0.075660111,0.051025393,0.049971583,0.080735853,0.06,0.039175287,0.05665322,9.188082281,0.037631885,0.581659249,0.0909,0.404,0.397687782,0.915476768,0.509326665,0.594880548,0.598406454,0.40756109,0.771604557,87.99466267,84.17322265,19.49140246,64.2580339,57.09765654,78.73977739,5,5,5,5,5,5,5,5,5,5,5,5,5,5,5,5,5,5,0.6,0.7,0.6,0.7
0.057075128,0.205978576,0.242486172,0.090512594,0.20922673,0.161971615,0.177561262,0.05,0,0.1,0.4,0.149779624,0.198088873,0.199209056,0.121737818,0.044097568,0.012172287,0.022677261,0.034478653,4.774485908,9.861967505,6.722870818,5.892558401,0.055696488,0.069025099,0.063388002,0.091294665,0.74835719,0.72064772,0.821080652,0.673318845,0.268183019,0.271205299,0.113876265,0.245834,0.196182389,0.0336149,0.434831047,0.86443362,0.486907635,0.530743505,0.446933658,0.908520922,0.715689691,0,0,0.521985804,0.888367363,0.034671036,0.0606,0.5454,0,14000,0.584885733,0.867940663,2.501234428,0.603888733,0.033161964,0.092366087,0.06,0.069825579,0.040420667,1.626256905,0.034633474,0.280152793,0.089641987,0.028021418,0.06,0.140231474,0.032633074,3.999083887,0.018029529,0.530340476,0.1212,0.404,0.987396563,0.547228876,0.130570572,0.269596777,0.777830641,0.910614212,0.847934375,7.116707158,95.96707483,6.91287762,65.70298381,19.1911313,32.93207162,5,5,5,5,5,5,5,5,5,5,5,5,5,5,5,5,5,5,0.6,0.7,0.6,0.7
0.217968768,0.081948311,0.042041787,0.012892967,0.156356322,0.183719186,0.120230018,0.05,0,0.1,0.4,0.067475038,0.149925119,0.07513519,0.101748689,0.018771021,0.019412999,0.044761852,0.050627137,0.624713358,4.081515076,3.531047008,4.088132509,0.085809009,0.033263327,0.044880779,0.040619751,0.118112403,0.473974584,0.941742951,0.318917481,0.18723956,0.473276558,0.810096125,0.519297188,0.179248232,0.300922877,0.9550961,0.350090157,0.903447495,0.89509437,0.910716806,0.529286211,0.968909064,0,0,0.432848637,0.519829558,0.169311337,0.0606,0.6554,0,14000,0.712209319,0.932058485,1.411121347,0.678153429,0.084300547,0.030339927,0.06,0.025054697,0.042442679,1.804295836,0.039908136,0.708513605,0.06566984,0.06399365,0.06,0.034098033,0.084836177,2.137059183,0.011784617,0.825985918,0.0606,0.404,0.764703351,0.968956899,0.455994105,0.914843171,0.976337175,0.844877226,0.910525301,58.69199384,48.46376916,79.57171984,36.88271067,11.06686946,8.206346375,5,5,5,5,5,5,5,5,5,5,5,5,5,5,5,5,5,5,0.6,0.7,0.6,0.7
0.223574874,0.117292828,0.110340338,0.096341445,0.24080747,0.054246194,0.124960634,0.05,0,0.1,0.4,0.19603514,0.133699081,0.101139922,0.149883925,0.073829089,0.095162343,0.038208134,0.088997776,3.691908133,2.445963454,8.522604578,2.718528733,0.049815167,0.041443768,0.020032515,0.063948322,0.736748037,0.288841728,0.050242125,0.902013785,0.396136206,0.667878929,0.772014685,0.043356231,0.657183309,0.272877587,0.64107892,0.618597669,0.368459501,0.157451748,0.286999009,0.606900149,0.837147853,0,0,0.532615384,0.67971794,0.78330741,0.0606,0.6554,0,14000,0.551761848,0.117875209,2.987531017,0.401885535,0.094738992,0.010253347,0.06,0.085272144,0.027020537,6.104680367,0.07808414,0.273402635,0.092123618,0.021435892,0.06,0.163382785,0.043498268,5.674514205,0.086612119,0.666368409,0.0909,0.404,0.356464114,0.094514675,0.213463326,0.694957524,0.214528341,0.531480826,0.153981363,42.42147545,34.1682385,17.30299934,66.95882177,75.49372609,34.88500158,5,5,5,5,5,5,5,5,5,5,5,5,5,5,5,5,5,5,0.6,0.7,0.6,0.7
0.143497461,0.202920171,0.087273482,0.064793521,0.219755635,0.065738733,0.178902393,0.05,0,0.1,0.4,0.164768519,0.112196803,0.049570331,0.110680033,0.029341417,0.058363915,0.071544889,0.02468174,0.018058773,4.866990952,8.819841023,5.683725225,0.0421645,0.073390991,0.074487885,0.045705238,0.056858534,0.860979737,0.137432585,0.512636643,0.243121888,0.340538155,0.228901585,0.263995396,0.273466881,0.021262322,0.308107782,0.170780164,0.151363382,0.800254706,0.539181065,0.867457565,0.612660396,0,0,0.743991528,0.062284724,0.902275517,0.0606,0.6554,0,14000,0.970519394,0.247167195,0.773077901,1.331613046,0.054266356,0.054444067,0.06,0.000915959,0.067729023,2.679517893,0.07260061,0.589496977,0.010862788,0.071422928,0.06,0.130184288,0.09878841,4.675902918,0.020383387,0.646234443,0.1212,0.404,0.372749239,0.369469321,0.291394556,0.120872479,0.911842491,0.094219067,0.45513137,23.69298178,77.76146214,32.87439337,74.479645,19.68026317,59.90358426,5,5,5,5,5,5,5,5,5,5,5,5,5,5,5,5,5,5,0.6,0.7,0.6,0.7
0.202451163,0.156971613,0.014023281,0.011499298,0.229918766,0.053309615,0.220294253,0.05,0,0.1,0.4,0.154487373,0.170828755,0.130217285,0.189609331,0.029127117,0.078503255,0.082017146,0.098317474,9.433797535,7.710606165,4.055559509,0.232314419,0.060632886,0.078818117,0.058099828,0.071924329,0.050684197,0.451788077,0.626681575,0.635439778,0.115758861,0.437338143,0.873892252,0.80742165,0.721729664,0.687779241,0.709578676,0.203319328,0.735166917,0.304667758,0.91730272,0.940584619,0.818263803,0,0,0.286830445,0.611333886,0.248430457,0.0707,0.4354,0,14000,0.481585697,0.296833605,3.459355868,1.591570004,0.057692889,0.061841979,0.06,0.15722164,0.049808028,7.784168536,0.023311037,0.383651811,0.091859868,0.092748318,0.06,0.044957141,0.089068925,3.87986833,0.088907218,0.812655977,0.0606,0.202,0.038849925,0.823730798,0.030355897,0.548438808,0.699691008,0.254249862,0.928668502,15.50756183,35.04634316,75.58192238,65.30444189,89.75689339,71.35038057,5,5,5,5,5,5,5,5,5,5,5,5,5,5,5,5,5,5,0.6,0.7,0.6,0.7
0.118686385,0.034108182,0.088482963,0.082519676,0.217242428,0.159143356,0.185060538,0.05,0,0.1,0.4,0.164317799,0.166368692,0.038270053,0.025123087,0.077929843,0.099149737,0.024266252,0.09051965,5.982401718,4.319188488,7.117451862,7.115697064,0.090591656,0.096469705,0.01910136,0.028408462,0.937596494,0.739610696,0.981089056,0.756721705,0.913967461,0.531296553,0.411869308,0.104355135,0.106035446,0.953083407,0.345335691,0.232470336,0.836951095,0.049842422,0.102603207,0.32598339,0.927070257,0,0,0.275808433,0.740425445,0.828896966,0.0707,0.4354,0,14000,0.787203217,0.908948178,1.334168614,0.135375359,0.040607914,0.086032053,0.06,0.061922922,0.093228954,6.676181289,0.029279027,0.247579631,0.014602911,0.032895887,0.06,0.139600714,0.06445825,1.497949273,0.041579344,0.678904885,0.0909,0.202,0.012846354,0.110523783,0.55815448,0.853813121,0.133945031,0.4925526,0.06630641,31.8685933,32.44695659,16.79313951,14.00383736,46.17949852,3.893752396,5,5,5,5,5,5,5,5,5,5,5,5,5,5,5,5,5,5,0.6,0.7,0.6,0.7
0.240331036,0.172505404,0.056255874,0.039228162,0.20361217,0.093023975,0.140650716,0.05,0,0.1,0.4,0.036550173,0.074109422,0.093407419,0.003126665,0.080257583,0.099486326,0.068071168,0.05327182,2.932616186,0.662935416,7.320613789,1.620957807,0.073245752,0.09344466,0.093174183,0.086756202,0.127013281,0.102278925,0.057602773,0.474119797,0.541153624,0.102446849,0.23579848,0.611234728,0.524591564,0.258403981,0.093515976,0.4086996,0.642641798,0.254463172,0.411323921,0.366966072,0.286795091,0,0,0.517898248,0.905700412,0.452601119,0.0707,0.4354,0,14000,0.404891207,0.921598552,1.922435705,1.982735805,0.053259542,0.029051205,0.06,0.033014549,0.013093124,5.943653896,0.05486101,0.490734258,0.024093071,0.072597758,0.06,0.191854452,0.012287857,6.576785564,0.01884829,0.647083016,0.1212,0.202,0.406474631,0.871033949,0.840690987,0.842272195,0.117157014,0.124110089,0.115396189,74.23422076,48.51944137,74.38880682,60.23413807,86.61878651,79.81279201,5,5,5,5,5,5,5,5,5,5,5,5,5,5,5,5,5,5,0.6,0.7,0.6,0.7
0.045458272,0.12357872,0.073787081,0.057634,0.07140293,0.140823451,0.020899595,0.05,0,0.1,0.4,0.092082338,0.092507094,0.042945196,0.175505009,0.036289494,0.074996376,0.020412946,0.081824356,5.966160253,1.205407309,1.967972221,5.568987769,0.035013942,0.014079354,0.0363234,0.011918586,0.673346334,0.325914124,0.844090406,0.865684347,0.826285318,0.289884161,0.86943677,0.32713225,0.260169282,0.834431382,0.687979476,0.645389984,0.955353877,0.277931523,0.881545229,0.599213022,0.328742469,0,0,0.508159412,0.354191955,0.249070566,0.0707,0.5454,0,14000,0.576960429,0.990684407,1.318585381,1.025591922,0.039231475,0.064628591,0.06,0.107857558,0.024498084,7.889977943,0.039418762,0.395394342,0.025460645,0.059884199,0.06,0.110047348,0.076847957,6.922292572,0.078843099,0.239290028,0.0606,0.202,0.229968344,0.126660372,0.97506268,0.728448695,0.837842154,0.697807663,0.412800354,35.22804994,5.572298798,71.17400037,36.97898907,83.86933724,13.97395462,5,5,5,5,5,5,5,5,5,5,5,5,5,5,5,5,5,5,0.6,0.7,0.6,0.7
0.137892437,0.147577481,0.217528938,0.01570896,0.102763739,0.063572583,0.093357468,0.05,0,0.1,0.4,0.183594896,0.069597798,0.196255715,0.164480691,0.048262747,0.049469869,0.013708596,0.029549704,9.240350383,2.847515158,5.286444877,6.317786255,0.071285356,0.013415511,0.041685736,0.095455332,0.749392009,0.271412164,0.735262931,0.162764215,0.032104064,0.511202033,0.970835855,0.929501459,0.366227244,0.094470036,0.148264399,0.642941494,0.103417715,0.201507616,0.933893883,0.52199899,0.166487557,0,0,0.588896005,0.370745253,0.375198971,0.0707,0.5454,0,14000,1.002422267,0.669047045,0.061757051,0.198575554,0.066279663,0.042608387,0.06,0.058228501,0.076216277,2.719460067,0.059588439,0.608367793,0.03475998,0.039691992,0.06,0.108547756,0.029211218,2.179545343,0.075385908,0.400159972,0.0909,0.202,0.656325699,0.671812777,0.314392651,0.680677446,0.190668385,0.052525791,0.912719585,28.87921641,98.68416449,16.0297482,85.86019687,12.46507319,40.37294262,5,5,5,5,5,5,5,5,5,5,5,5,5,5,5,5,5,5,0.6,0.7,0.6,0.7
0.163477294,0.208463794,0.215742107,0.079911615,0.124104399,0.012409402,0.132720214,0.05,0,0.1,0.4,0.010007219,0.0101954,0.176490796,0.10175668,0.044539983,0.012626333,0.032464218,0.035098177,9.235966329,3.976102441,3.351075745,2.17992672,0.088613394,0.074967891,0.079088312,0.056158273,0.951735574,0.345379223,0.090029954,0.107328162,0.538442988,0.22059237,0.350243889,0.587369785,0.669449972,0.792180284,0.941527372,0.063518878,0.713821769,0.470844668,0.248293146,0.294034382,0.54738288,0,0,0.925173657,0.644122529,0.680725267,0.0707,0.5454,0,14000,1.726891444,0.125494379,4.79545246,1.728052904,0.065599359,0.013437821,0.06,0.087591453,0.089976818,2.012118541,0.084187099,0.311522463,0.05138799,0.059849476,0.06,0.031890127,0.086105678,7.076212156,0.09580315,0.908660964,0.1212,0.202,0.690399396,0.627652457,0.807516952,0.79987888,0.442931537,0.871026001,0.474812485,64.89783698,14.89099215,87.21249618,65.79146932,48.92586293,14.43423687,5,5,5,5,5,5,5,5,5,5,5,5,5,5,5,5,5,5,0.6,0.7,0.6,0.7
0.0553846,0.146201686,0.060454766,0.059495255,0.17314311,0.120417148,0.229329407,0.05,0,0.1,0.4,0.045740033,0.00102141,0.045253503,0.140505865,0.035261908,0.030849097,0.0418416,0.053140738,9.768009328,8.577658362,8.467713867,9.750204454,0.034521841,0.082530376,0.028845928,0.058021914,0.599767053,0.242937614,0.628947085,0.556418948,0.257521339,0.659390698,0.483476568,0.559853408,0.953816353,0.279094761,0.987061291,0.818797654,0.548150798,0.906762566,0.82735331,0.382910601,0.097554319,0,0,0.2430272,0.231781284,0.788748811,0.0707,0.6554,0,14000,1.813666896,0.569616222,0.086916797,1.731484327,0.082125511,0.056595756,0.06,0.157996406,0.06380242,4.470379266,0.093249427,0.020733848,0.040762219,0.096495132,0.06,0.11103212,0.049697145,0.696011833,0.093086826,0.346626787,0.0606,0.202,0.779600828,0.242624584,0.63908594,0.720062058,0.281494179,0.967084388,0.613797617,0.620923191,35.23053057,30.26580554,10.87420559,85.26011151,76.23073279,5,5,5,5,5,5,5,5,5,5,5,5,5,5,5,5,5,5,0.6,0.7,0.6,0.7
0.030380661,0.191846551,0.111613939,0.055591789,0.019837464,0.028606618,0.162260084,0.05,0,0.1,0.4,0.028651522,0.127235531,0.000617657,0.135571944,0.051558445,0.065428498,0.099834273,0.069908564,3.280155449,3.790262467,8.441174391,2.055664349,0.038819985,0.074872099,0.09700806,0.091799837,0.78673923,0.643636544,0.936673488,0.842352775,0.217132991,0.733775876,0.028871867,0.425772535,0.603868031,0.079694049,0.384919347,0.445807895,0.692275613,0.417074992,0.702602825,0.228989003,0.616808903,0,0,0.400499689,0.552296406,0.980217733,0.0707,0.6554,0,14000,1.338229853,0.309539424,1.88762474,1.828204195,0.086009541,0.089165384,0.06,0.177485238,0.015530064,1.43843797,0.039888919,0.227385256,0.0139012,0.062222289,0.06,0.011866719,0.084335547,7.704387996,0.054213698,0.371749997,0.0909,0.202,0.125410917,0.569274932,0.326254904,0.082126088,0.037881605,0.281784517,0.187930656,85.03738851,27.72471083,81.27054852,85.02927525,1.336793997,78.23414451,5,5,5,5,5,5,5,5,5,5,5,5,5,5,5,5,5,5,0.6,0.7,0.6,0.7
0.038308493,0.07212669,0.114025713,0.035976087,0.07271484,0.090056794,0.120144036,0.05,0,0.1,0.4,0.069239516,0.121125532,0.136457172,0.148456274,0.050357308,0.09932529,0.015922428,0.046723742,0.121739006,7.658467093,8.44707065,8.701109411,0.042278627,0.038426007,0.038850422,0.030700343,0.810822403,0.884045739,0.922322994,0.016155231,0.607234037,0.515968868,0.929923591,0.876032739,0.349619891,0.412503939,0.105319759,0.026663651,0.365775042,0.051791289,0.511272923,0.549611279,0.664425802,0,0,0.192685631,0.674759832,0.132589391,0.0707,0.6554,0,14000,0.173599663,0.085292601,2.74485725,0.481310387,0.010253448,0.080029047,0.06,0.005645744,0.040189873,9.441854551,0.039823403,0.0559097,0.094343519,0.045274981,0.06,0.087076,0.079590775,9.457768197,0.090338082,0.027608218,0.1212,0.202,0.497720934,0.597103611,0.098944389,0.402245491,0.452229341,0.173486393,0.016309311,64.48872341,14.29204936,76.72259123,38.57039509,70.64987398,28.15290401,5,5,5,5,5,5,5,5,5,5,5,5,5,5,5,5,5,5,0.6,0.7,0.6,0.7
0.12563522,0.101266847,0.03559795,0.067753964,0.208551121,0.103414275,0.214734919,0.05,0,0.1,0.4,0.098746836,0.102450231,0.163727435,0.169670977,0.089269167,0.071433049,0.053262754,0.071039606,1.664252409,3.429048962,8.364949732,3.942301152,0.096907715,0.055558797,0.033879295,0.067795813,0.353081755,0.765604647,0.162597148,0.983853138,0.591269175,0.25837791,0.941999344,0.881553906,0.076481508,0.809104359,0.404164936,0.714638886,0.014366437,0.056290772,0.78748747,0.281863543,0.617094202,0,0,0.462332931,0.22145449,0.562417978,0.0707,0.4354,0,14000,1.232215648,0.303761436,1.613336822,1.772250073,0.080320165,0.053392655,0.06,0.076141104,0.053768724,5.771566273,0.029173093,0.81776386,0.025912355,0.039790586,0.06,0.138022374,0.015923881,5.325164972,0.014870204,0.479159974,0.0606,0.303,0.465630443,0.556472903,0.722861209,0.782936937,0.373039381,0.603358007,0.800735994,56.14262426,60.95241834,90.27172991,80.21896959,77.71732942,36.8728885,5,5,5,5,5,5,5,5,5,5,5,5,5,5,5,5,5,5,0.6,0.7,0.6,0.7
0.066256387,0.072546633,0.100015792,0.084227114,0.244172814,0.097749261,0.134647047,0.05,0,0.1,0.4,0.135902629,0.049762691,0.03636521,0.050366031,0.032546887,0.042804144,0.056891233,0.068910678,1.867848139,8.256775385,9.057920394,8.232238942,0.033295203,0.079398712,0.012251268,0.012455197,0.147067353,0.570912605,0.386607773,0.119528234,0.124066163,0.120059181,0.583880623,0.107403668,0.606486026,0.9690744,0.831639485,0.165160635,0.453998982,0.459678442,0.413545932,0.426611679,0.473606826,0,0,0.231828443,0.438629292,0.583216168,0.0707,0.4354,0,14000,0.864795549,0.583809455,1.510804601,0.945719356,0.066097193,0.021797588,0.06,0.121135387,0.024573274,2.141017299,0.025893706,0.217979589,0.024938998,0.062970582,0.06,0.197462122,0.080621475,0.650496085,0.047911412,0.140570414,0.0909,0.303,0.638307801,0.210046445,0.30246718,0.982704844,0.640856186,0.240664043,0.112767699,43.03946688,96.14885789,35.64440757,60.45471125,74.86466272,32.15776805,5,5,5,5,5,5,5,5,5,5,5,5,5,5,5,5,5,5,0.6,0.7,0.6,0.7
0.219554509,0.205945332,0.144658492,0.067909501,0.206716062,0.174965185,0.028150049,0.05,0,0.1,0.4,0.040848179,0.17310732,0.048536932,0.112133529,0.044632387,0.036716993,0.021226754,0.049782523,4.913211116,6.913329293,4.821028353,2.93582327,0.041534113,0.060727791,0.08383352,0.04627867,0.727842805,0.523700627,0.550759225,0.195875756,0.205081571,0.302986789,0.066863477,0.731970586,0.557125265,0.831381926,0.094353206,0.238680554,0.038276322,0.397347089,0.982734337,0.787240714,0.696782929,0,0,0.126379859,0.012654813,0.265716995,0.0707,0.4354,0,14000,0.20225621,0.979975575,2.550953727,0.791661635,0.021252644,0.083297757,0.06,0.010943651,0.01095735,4.220980294,0.012218281,0.585712364,0.031412552,0.032842971,0.06,0.093568144,0.012698615,8.411471171,0.050872192,0.700621093,0.1212,0.303,0.061367196,0.64273528,0.966339574,0.024032155,0.18005635,0.930297936,0.403148449,34.90254523,46.95028188,59.18604422,0.420230534,43.96913925,7.274924428,5,5,5,5,5,5,5,5,5,5,5,5,5,5,5,5,5,5,0.6,0.7,0.6,0.7
0.105655984,0.132930067,0.020936894,0.08811425,0.035091376,0.132744422,0.133190382,0.05,0,0.1,0.4,0.081906195,0.019460345,0.063629948,0.112697882,0.017059871,0.060872347,0.059441224,0.061119142,4.253079025,7.331351384,9.004906178,6.068656906,0.036400625,0.099957342,0.098883885,0.051461709,0.276117121,0.834471739,0.910446044,0.44704731,0.207716561,0.933869164,0.319879811,0.911247095,0.778284748,0.743238206,0.103931301,0.943067942,0.615962548,0.691311456,0.747258595,0.536252577,0.537253829,0,0,0.336990937,0.234194279,0.596822344,0.0707,0.5454,0,14000,1.281732479,0.204686282,1.787955296,1.788300167,0.010321754,0.05439496,0.06,0.18420362,0.098902432,6.686160518,0.090038591,0.593211604,0.046490597,0.067747715,0.06,0.1469325,0.01181158,8.015824291,0.014545355,0.203357796,0.0606,0.303,0.870993722,0.970765057,0.325589497,0.490237526,0.233008521,0.428167043,0.863003108,42.29908213,57.52319731,47.62517838,13.11208489,57.59607516,47.67622361,5,5,5,5,5,5,5,5,5,5,5,5,5,5,5,5,5,5,0.6,0.7,0.6,0.7
0.150932432,0.089888942,0.056238043,0.031706106,0.052255794,0.182684855,0.200402828,0.05,0,0.1,0.4,0.095477699,0.065529994,0.153303009,0.065850494,0.028306444,0.039687797,0.01954595,0.062600544,9.65959843,2.169592606,3.236701719,9.523756062,0.020082881,0.092666389,0.064186458,0.082007975,0.833850231,0.387404466,0.393622296,0.261464602,0.957823907,0.958094869,0.016299189,0.458776684,0.60613451,0.924066722,0.208869088,0.195366591,0.454513847,0.6980818,0.71920888,0.487371664,0.531523895,0,0,0.671914367,0.542173731,0.207229513,0.0707,0.5454,0,14000,1.914913354,0.316384155,1.06722474,0.855123518,0.050517246,0.073203045,0.06,0.044724483,0.018122427,6.051188027,0.058684638,0.023700916,0.058004657,0.099085805,0.06,0.136116773,0.04504444,9.297366636,0.062077132,0.026514147,0.0909,0.303,0.043523803,0.469682687,0.053206547,0.563703207,0.847473475,0.585056706,0.283820828,25.44669695,31.21730124,63.29227716,40.07868702,86.76097519,50.66370042,5,5,5,5,5,5,5,5,5,5,5,5,5,5,5,5,5,5,0.6,0.7,0.6,0.7
0.229007153,0.18449089,0.201981926,0.026009601,0.072824592,0.017767869,0.101527839,0.05,0,0.1,0.4,0.071354382,0.003998006,0.104582926,0.002938104,0.050476582,0.01894076,0.047529967,0.091490808,9.777038274,1.792299144,7.755660792,1.030555426,0.011736256,0.045174156,0.036410937,0.062344255,0.016945544,0.402595968,0.563405279,0.8726736,0.578101206,0.930159718,0.72491053,0.989578897,0.407938393,0.017400147,0.500449638,0.193882487,0.767746914,0.340492583,0.314810752,0.52514386,0.857464746,0,0,0.244594988,0.579421877,0.303239565,0.0707,0.5454,0,14000,1.438901248,0.090217481,1.628257437,0.741545975,0.028551134,0.085626417,0.06,0.062414257,0.015284085,0.783782136,0.033835028,0.471252383,0.078435203,0.091131226,0.06,0.170258242,0.03729924,0.361550399,0.090940187,0.922467191,0.1212,0.303,0.279103799,0.702190352,0.155843383,0.631727204,0.301786329,0.959864379,0.310163697,74.25226858,89.1621714,67.57129999,73.30269848,88.37743243,89.61752015,5,5,5,5,5,5,5,5,5,5,5,5,5,5,5,5,5,5,0.6,0.7,0.6,0.7
0.024058038,0.063828148,0.11664773,0.042996884,0.12255529,0.187863298,0.186602796,0.05,0,0.1,0.4,0.159215319,0.121003851,0.196816735,0.069341859,0.043605817,0.083544446,0.069482578,0.039363292,2.437903085,0.709531028,0.356446805,6.029741892,0.082289081,0.051781069,0.06801984,0.045089314,0.716551895,0.521042882,0.128415109,0.437346737,0.859771528,0.763052238,0.924077749,0.34558759,0.155331904,0.139402282,0.367858856,0.061867847,0.655303223,0.825575595,0.834036699,0.446732781,0.566449432,0,0,0.084094719,0.915574954,0.215087738,0.0707,0.6554,0,14000,0.889400724,0.611623913,3.559293627,0.20263939,0.03356503,0.020172368,0.06,0.033575371,0.080482566,7.40954194,0.0503793,0.822114101,0.088559734,0.047796515,0.06,0.196216289,0.027652367,5.83641689,0.053199853,0.378117327,0.0606,0.303,0.383100974,0.384721585,0.398151177,0.588978876,0.397410308,0.161770757,0.270218423,81.89227029,34.3400128,61.06200749,58.31068447,44.75136157,84.33463271,5,5,5,5,5,5,5,5,5,5,5,5,5,5,5,5,5,5,0.6,0.7,0.6,0.7
0.054817855,0.171985531,0.235953198,0.087282154,0.055115623,0.076123343,0.21702641,0.05,0,0.1,0.4,0.136437087,0.151031617,0.110992606,0.008438281,0.080127329,0.080212045,0.079033631,0.072654354,9.589677691,0.335090011,0.97037927,0.233971707,0.021122458,0.052116842,0.017864854,0.083930362,0.042839937,0.143043723,0.199589387,0.280120575,0.553798661,0.832269692,0.468625437,0.066152202,0.861861292,0.699161523,0.722757467,0.224095411,0.474072337,0.721606356,0.874949144,0.204623363,0.897678312,0,0,0.749166772,0.165071933,0.154261855,0.0707,0.6554,0,14000,0.691307297,0.061392538,4.363363453,0.590650369,0.096571368,0.049669427,0.06,0.05968478,0.020740894,5.098186054,0.056579335,0.347725356,0.09893784,0.016073584,0.06,0.083890166,0.064112301,7.846505072,0.074661901,0.921746701,0.0909,0.303,0.831393666,0.235095545,0.113406912,0.248397232,0.234612754,0.850325442,0.783400544,66.29074856,90.32221483,74.47288579,54.35215663,60.01394389,6.187708979,5,5,5,5,5,5,5,5,5,5,5,5,5,5,5,5,5,5,0.6,0.7,0.6,0.7
0.115217276,0.090396533,0.044827307,0.08483099,0.235892072,0.096111101,0.071860324,0.05,0,0.1,0.4,0.101036544,0.036262757,0.13330455,0.135260579,0.03665732,0.086481565,0.011251169,0.067924669,5.074024857,4.74118931,7.232172,7.299937871,0.08263468,0.019209766,0.027924664,0.043373554,0.866971406,0.425416853,0.913295238,0.322157502,0.399649043,0.040504706,0.037040858,0.785549003,0.7646809,0.892819571,0.358964443,0.646056094,0.793504581,0.458555767,0.115969633,0.078410454,0.681244752,0,0,0.53422093,0.505301475,0.040923113,0.0707,0.6554,0,14000,1.904049999,0.058974337,2.62734336,0.245933942,0.038076346,0.063803254,0.06,0.023649134,0.054449787,0.004831478,0.089574038,0.884569946,0.029075704,0.087995026,0.06,0.118311106,0.044426747,1.560312991,0.020160506,0.704988047,0.1212,0.303,0.982553334,0.594662462,0.428752727,0.313092761,0.23565452,0.514753252,0.303853972,63.9344922,64.65580878,83.05829214,54.86381568,42.25399231,55.32164103,5,5,5,5,5,5,5,5,5,5,5,5,5,5,5,5,5,5,0.6,0.7,0.6,0.7
0.189579854,0.03569175,0.162306058,0.011523373,0.123342597,0.19501969,0.017705704,0.05,0,0.1,0.4,0.050993775,0.151244344,0.118532409,0.134950987,0.077721578,0.064006145,0.073341497,0.081565416,7.135100039,1.490160481,2.251016952,0.103339099,0.098299252,0.052120869,0.082259318,0.097753713,0.061135666,0.276303196,0.484584918,0.546056898,0.462600945,0.288726367,0.362295707,0.111213825,0.455436954,0.558351239,0.820571179,0.405620428,0.840550397,0.526952194,0.492140975,0.636790219,0.726635904,0,0,0.839439912,0.248767441,0.069433423,0.0707,0.4354,0,14000,0.696433337,0.007365284,2.240887966,0.692877418,0.079163159,0.061447088,0.06,0.073525537,0.015502504,6.752276095,0.029279532,0.52884929,0.08569701,0.089525882,0.06,0.017240339,0.051163756,6.79963439,0.038222787,0.499039441,0.0606,0.404,0.865366001,0.274483375,0.967508936,0.649800365,0.837786683,0.705663368,0.783556113,96.26614409,76.78585143,74.63352671,73.40171009,63.94144942,82.76086275,5,5,5,5,5,5,5,5,5,5,5,5,5,5,5,5,5,5,0.6,0.7,0.6,0.7
0.17922155,0.14737127,0.163849077,0.089840309,0.242270147,0.033867101,0.210852366,0.05,0,0.1,0.4,0.057380602,0.074202778,0.109881932,0.114838032,0.070599015,0.01624036,0.080163998,0.054922471,9.372515664,3.432515904,1.54078858,9.615364789,0.083131697,0.094064229,0.088280793,0.082743484,0.744515979,0.06190621,0.768238207,0.512925231,0.423570119,0.835857092,0.649953687,0.524860842,0.036152339,0.059477776,0.078936279,0.094205375,0.323461455,0.326132711,0.825320488,0.170436778,0.132399617,0,0,0.989305463,0.841982718,0.565531248,0.0707,0.4354,0,14000,1.506615662,0.905087742,1.503402679,0.183115203,0.044372582,0.04024609,0.06,0.044196735,0.019861424,4.95936448,0.098981975,0.374229141,0.041346622,0.08534048,0.06,0.040658811,0.057727209,1.662299105,0.058418,0.07360753,0.0909,0.404,0.261160081,0.609933773,0.816690896,0.505124808,0.363723793,0.714212524,0.085111448,12.05442946,39.52740624,25.2152293,50.97463832,46.46132218,63.75329201,5,5,5,5,5,5,5,5,5,5,5,5,5,5,5,5,5,5,0.6,0.7,0.6,0.7
0.024752517,0.168525211,0.015280139,0.050169124,0.194944623,0.082589825,0.214448573,0.05,0,0.1,0.4,0.005847519,0.177999419,0.193947612,0.127945637,0.047226217,0.031233756,0.022144614,0.098227362,6.646518505,6.167991292,1.773648646,7.308389172,0.092952114,0.086165981,0.089425051,0.016713117,0.410618559,0.52488352,0.356978848,0.537773742,0.841112806,0.04972192,0.864706341,0.827712134,0.140270199,0.457066855,0.858446211,0.096596573,0.27397536,0.662350996,0.904451164,0.463633004,0.915701262,0,0,0.779223953,0.59721156,0.331328017,0.0707,0.4354,0,14000,1.628402857,0.519812687,4.772970225,1.941522592,0.080179129,0.051115047,0.06,0.09848794,0.080171388,9.327204516,0.047106553,0.533262095,0.018046743,0.032673689,0.06,0.031541237,0.079754204,4.537781444,0.012498056,0.048805339,0.1212,0.404,0.81981255,0.286714633,0.848480463,0.485937551,0.228925895,0.024713907,0.815638404,37.95395885,66.76465138,47.37210257,5.175820971,22.65026397,51.6670947,5,5,5,5,5,5,5,5,5,5,5,5,5,5,5,5,5,5,0.6,0.7,0.6,0.7
0.052488038,0.052132689,0.035385533,0.092791741,0.194496154,0.220349786,0.042233877,0.05,0,0.1,0.4,0.163801189,0.106457507,0.060970401,0.068650379,0.092715906,0.059653975,0.052769777,0.015494542,2.037154068,3.296919516,8.668382228,9.676501707,0.05002803,0.033871019,0.034103999,0.018464273,0.776713424,0.076970176,0.454010923,0.685644645,0.822837513,0.431727608,0.717548099,0.869565824,0.667387105,0.057147985,0.460047004,0.167798006,0.571458853,0.624159525,0.500579661,0.438543655,0.86198332,0,0,0.850431289,0.844518295,0.614581623,0.0707,0.5454,0,14000,1.517821851,0.257385294,1.26278721,1.856861659,0.064112279,0.041260142,0.06,0.189074386,0.03212623,9.397254484,0.085737836,0.015864655,0.065008976,0.066908657,0.06,0.151908509,0.015418799,7.06693599,0.08914525,0.990876381,0.0606,0.404,0.844471387,0.450244134,0.082242054,0.80212337,0.038399107,0.555406465,0.818775464,45.95794929,70.50438062,40.06908492,23.35655461,95.87408807,45.9494035,5,5,5,5,5,5,5,5,5,5,5,5,5,5,5,5,5,5,0.6,0.7,0.6,0.7
0.131572437,0.03147631,0.098800523,0.011511535,0.21328242,0.025652365,0.139835176,0.05,0,0.1,0.4,0.19436003,0.025878615,0.046463555,0.042380565,0.099622311,0.052350162,0.023277201,0.089684957,8.015295491,9.961828042,5.252643649,4.768580585,0.059401097,0.085765676,0.032167951,0.077170721,0.17107396,0.18867001,0.907444991,0.854473572,0.717213645,0.295486467,0.376151342,0.51924066,0.327369307,0.229936792,0.592630433,0.486075112,0.361971846,0.230392686,0.276784688,0.801966497,0.6763038,0,0,0.141238083,0.224303239,0.491433359,0.0707,0.5454,0,14000,0.017415483,0.534138948,2.651307032,0.626802834,0.095465316,0.077972915,0.06,0.146723326,0.017013569,0.317964843,0.053438496,0.892355583,0.018963722,0.082625815,0.06,0.173601779,0.099841412,6.737391895,0.042443598,0.14949518,0.0909,0.404,0.659034972,0.647575981,0.953363824,0.814240386,0.440711601,0.912102772,0.986917997,94.03555703,15.79315353,92.73140887,10.28253296,34.11530228,14.52093052,5,5,5,5,5,5,5,5,5,5,5,5,5,5,5,5,5,5,0.6,0.7,0.6,0.7
0.067799585,0.050642551,0.160617534,0.025507832,0.125761439,0.179887535,0.235417568,0.05,0,0.1,0.4,0.096863361,0.0908964,0.013652777,0.189302233,0.087045895,0.088720605,0.07556133,0.019560055,9.37271466,9.529164084,4.737887578,5.767953438,0.058936744,0.047937217,0.091772011,0.071628567,0.9085596,0.74395822,0.985462779,0.152785415,0.119041743,0.835618049,0.986614553,0.271860081,0.524118821,0.89520352,0.109536949,0.28285327,0.448534174,0.27461789,0.96221747,0.730532446,0.730079971,0,0,0.533488435,0.565290492,0.690324396,0.0707,0.5454,0,14000,0.809062012,0.985433014,2.230069062,0.662464898,0.016611264,0.013433119,0.06,0.102419155,0.033032736,2.914206835,0.079613307,0.303014437,0.079176943,0.073225013,0.06,0.044745809,0.021023612,6.934864956,0.090582684,0.268970896,0.1212,0.404,0.416969755,0.868335764,0.346580832,0.481690504,0.491562305,0.489214097,0.80920249,46.4750577,29.09543724,32.02037932,5.417909706,34.16759311,83.56540112,5,5,5,5,5,5,5,5,5,5,5,5,5,5,5,5,5,5,0.6,0.7,0.6,0.7
0.159656254,0.141997662,0.163625747,0.033402143,0.024804313,0.173980492,0.093248581,0.05,0,0.1,0.4,0.051200754,0.011379017,0.010031373,0.134169885,0.069521253,0.083011386,0.04939052,0.03863059,0.023246089,7.85864664,3.493098735,4.040538562,0.092261123,0.087393681,0.089688315,0.031939922,0.091768223,0.918389523,0.336060509,0.318080696,0.751571378,0.667189965,0.988698098,0.688863205,0.36005635,0.847892443,0.345253131,0.868208735,0.862826662,0.448959043,0.65475367,0.650156522,0.831400022,0,0,0.579932393,0.627953122,0.923688806,0.0707,0.6554,0,14000,0.635350565,0.244341535,1.840675789,0.228266785,0.020099513,0.013342723,0.06,0.064824596,0.034696847,9.123116147,0.038641977,0.354922657,0.031174537,0.082367515,0.06,0.021723326,0.074326218,0.075644229,0.02387072,0.703830909,0.0606,0.404,0.837269455,0.853376725,0.664222418,0.798976889,0.618114462,0.08052508,0.212932597,19.28846468,71.51209945,20.84305657,50.61941606,25.89756886,3.42760561,5,5,5,5,5,5,5,5,5,5,5,5,5,5,5,5,5,5,0.6,0.7,0.6,0.7
0.088657191,0.130076892,0.235181461,0.044449021,0.169732252,0.156397452,0.137588698,0.05,0,0.1,0.4,0.138068474,0.018458185,0.052183207,0.01683174,0.041616101,0.012693035,0.036902792,0.052965376,2.851218707,2.119067207,7.452460653,6.489398261,0.043211953,0.018961744,0.051280465,0.0520114,0.748331845,0.020607396,0.333568863,0.513050249,0.152895432,0.234742491,0.051259753,0.596564153,0.509221615,0.2123675,0.602034972,0.204772218,0.839615815,0.01901649,0.915258884,0.22790061,0.985937633,0,0,0.132574438,0.4550028,0.229172405,0.0707,0.6554,0,14000,1.93550102,0.713689703,3.943155033,1.710646704,0.080568904,0.027891918,0.06,0.06225128,0.037123333,0.533317688,0.068541838,0.256550842,0.092979745,0.040362744,0.06,0.136685406,0.052726286,1.605792132,0.035603896,0.874866889,0.0909,0.404,0.816163544,0.607771498,0.606716252,0.808871274,0.774931222,0.360960505,0.399700368,34.67897594,33.6196637,60.1797831,50.03178632,6.38519316,65.97845131,5,5,5,5,5,5,5,5,5,5,5,5,5,5,5,5,5,5,0.6,0.7,0.6,0.7
0.07826752,0.203378294,0.242519742,0.035552062,0.031173033,0.232942246,0.195767864,0.05,0,0.1,0.4,0.077036515,0.042140335,0.015417496,0.044081904,0.038135904,0.028518192,0.07442949,0.048279161,0.519025552,7.085223205,1.98671062,9.854975825,0.099183662,0.091008855,0.044775689,0.062805061,0.877464109,0.83035186,0.226523345,0.244252132,0.563073882,0.105469038,0.321756865,0.110838876,0.103830455,0.81245401,0.45443165,0.033210106,0.732254015,0.876217552,0.241635926,0.977066446,0.26711469,0,0,0.068597793,0.061910015,0.460042727,0.0707,0.6554,0,14000,1.167289447,0.911672038,3.414832925,0.173711255,0.044803493,0.081881671,0.06,0.107356899,0.033615629,9.562440414,0.047343281,0.928666486,0.026249968,0.046069632,0.06,0.193442234,0.077009368,7.001783473,0.011638156,0.653654476,0.1212,0.404,0.471476258,0.398268537,0.125435322,0.505237074,0.531981342,0.046602988,0.845822533,33.55392027,77.37000519,13.0507838,47.90131976,82.2417787,63.38798364,5,5,5,5,5,5,5,5,5,5,5,5,5,5,5,5,5,5,0.6,0.7,0.6,0.7
