0rest_m,1rest_m,2rest_m,0transf,1transf,2transf
1.000000,1.000000,1.000000,0,0,0
1.000000,1.000000,1.000000,0,0,0
1.000000,1.000000,1.000000,0,0,0
1.000000,1.000000,1.000000,0,0,0
1.000000,1.000000,1.000000,0,0,0
1.000000,1.000000,1.000000,0,0,0
1.000000,1.000000,1.000000,0,0,0
1.000000,1.000000,1.000000,0,0,0
1.000000,1.000000,1.000000,0,0,0
1.000000,1.000000,1.000000,0,0,0
1.000000,1.000000,1.000000,0,0,0
1.000000,1.000000,1.000000,0,0,0
1.000000,1.000000,1.000000,0,0,0
1.000000,1.000000,1.000000,0,0,0
1.000000,1.000000,1.000000,0,0,0
1.000000,1.000000,1.000000,0,0,0
1.000000,1.000000,1.000000,0,0,0
1.000000,1.000000,1.000000,0,0,0
1.000000,1.000000,1.000000,0,0,0
1.000000,1.000000,1.000000,0,0,0
1.000000,1.000000,1.000000,0,0,0
1.000000,1.000000,1.000000,0,0,0
1.000000,1.000000,1.000000,0,0,0
1.000000,1.000000,1.000000,0,0,0
1.000000,1.000000,1.000000,0,0,0
1.000000,1.000000,1.000000,0,0,0
1.000000,1.000000,1.000000,0,0,0
1.000000,1.000000,1.000000,0,0,0
1.000000,1.000000,1.000000,0,0,0
1.000000,1.000000,1.000000,0,0,0
1.000000,1.000000,1.000000,0,0,0
1.000000,1.000000,1.000000,0,0,0
1.000000,1.000000,1.000000,0,0,0
1.000000,1.000000,1.000000,0,0,0
1.000000,1.000000,1.000000,0,0,0
1.000000,1.000000,1.000000,0,0,0
1.000000,1.000000,1.000000,0,0,0
1.000000,1.000000,1.000000,0,0,0
1.000000,1.000000,1.000000,0,0,0
1.000000,1.000000,1.000000,0,0,0
1.000000,1.000000,1.000000,0,0,0
1.000000,1.000000,1.000000,0,0,0
1.000000,1.000000,1.000000,0,0,0
1.000000,1.000000,1.000000,0,0,0
1.000000,1.000000,1.000000,0,0,0
1.000000,1.000000,1.000000,0,0,0
1.000000,1.000000,1.000000,0,0,0
1.000000,1.000000,1.000000,0,0,0
1.000000,1.000000,1.000000,0,0,0
1.000000,1.000000,1.000000,0,0,0
1.000000,1.000000,1.000000,0,0,0
1.000000,1.000000,1.000000,0,0,0
1.000000,1.000000,1.000000,0,0,0
1.000000,1.000000,1.000000,0,0,0
1.000000,1.000000,1.000000,0,0,0
1.000000,1.000000,1.000000,0,0,0
1.000000,1.000000,1.000000,0,0,0
1.000000,1.000000,1.000000,0,0,0
1.000000,1.000000,1.000000,0,0,0
1.000000,1.000000,1.000000,0,0,0
1.000000,1.000000,1.000000,0,0,0
1.000000,1.000000,1.000000,0,0,0
1.000000,1.000000,1.000000,0,0,0
1.000000,1.000000,1.000000,0,0,0
1.000000,1.000000,1.000000,0,0,0
1.000000,1.000000,1.000000,0,0,0
1.000000,1.000000,1.000000,0,0,0
1.000000,1.000000,1.000000,0,0,0
1.000000,1.000000,1.000000,0,0,0
1.000000,1.000000,1.000000,0,0,0
1.000000,1.000000,1.000000,0,0,0
1.000000,1.000000,1.000000,0,0,0
1.000000,1.000000,1.000000,0,0,0
1.000000,1.000000,1.000000,0,0,0
1.000000,1.000000,1.000000,0,0,0
1.000000,1.000000,1.000000,0,0,0
1.000000,1.000000,1.000000,0,0,0
1.000000,1.000000,1.000000,0,0,0
1.000000,1.000000,1.000000,0,0,0
1.000000,1.000000,1.000000,0,0,0
1.000000,1.000000,1.000000,0,0,0
1.000000,1.000000,1.000000,0,0,0
1.000000,1.000000,1.000000,0,0,0
1.000000,1.000000,1.000000,0,0,0
1.000000,1.000000,1.000000,0,0,0
1.000000,1.000000,1.000000,0,0,0
1.000000,1.000000,1.000000,0,0,0
1.000000,1.000000,1.000000,0,0,0
1.000000,1.000000,1.000000,0,0,0
1.000000,1.000000,1.000000,0,0,0
1.000000,1.000000,1.000000,0,0,0
1.000000,1.000000,1.000000,0,0,0
1.000000,1.000000,1.000000,0,0,0
1.000000,1.000000,1.000000,0,0,0
1.000000,1.000000,1.000000,0,0,0
1.000000,1.000000,1.000000,0,0,0
1.000000,1.000000,1.000000,0,0,0
1.000000,1.000000,1.000000,0,0,0
1.000000,1.000000,1.000000,0,0,0
1.000000,1.000000,1.000000,0,0,0
1.000000,1.000000,1.000000,0,0,0
1.000000,1.000000,1.000000,0,0,0
1.000000,1.000000,1.000000,0,0,0
1.000000,1.000000,1.000000,0,0,0
1.000000,1.000000,1.000000,0,0,0
1.000000,1.000000,1.000000,0,0,0
1.000000,1.000000,1.000000,0,0,0
1.000000,1.000000,1.000000,0,0,0
1.000000,1.000000,1.000000,0,0,0
1.000000,1.000000,1.000000,0,0,0
1.000000,1.000000,1.000000,0,0,0
1.000000,1.000000,1.000000,0,0,0
1.000000,1.000000,1.000000,0,0,0
1.000000,1.000000,1.000000,0,0,0
1.000000,1.000000,1.000000,0,0,0
1.000000,1.000000,1.000000,0,0,0
1.000000,1.000000,1.000000,0,0,0
1.000000,1.000000,1.000000,0,0,0
1.000000,1.000000,1.000000,0,0,0
1.000000,1.000000,1.000000,0,0,0
1.000000,1.000000,1.000000,0,0,0
1.000000,1.000000,1.000000,0,0,0
1.000000,1.000000,1.000000,0,0,0
1.000000,1.000000,1.000000,0,0,0
1.000000,1.000000,1.000000,0,0,0
1.000000,1.000000,1.000000,0,0,0
1.000000,1.000000,1.000000,0,0,0
1.000000,1.000000,1.000000,0,0,0
1.000000,1.000000,1.000000,0,0,0
1.000000,1.000000,1.000000,0,0,0
1.000000,1.000000,1.000000,0,0,0
1.000000,1.000000,1.000000,0,0,0
1.000000,1.000000,1.000000,0,0,0
1.000000,1.000000,1.000000,0,0,0
1.000000,1.000000,1.000000,0,0,0
1.000000,1.000000,1.000000,0,0,0
1.000000,1.000000,1.000000,0,0,0
1.000000,1.000000,1.000000,0,0,0
1.000000,1.000000,1.000000,0,0,0
1.000000,1.000000,1.000000,0,0,0
1.000000,1.000000,1.000000,0,0,0
1.000000,1.000000,1.000000,0,0,0
1.000000,1.000000,1.000000,0,0,0
1.000000,1.000000,1.000000,0,0,0
1.000000,1.000000,1.000000,0,0,0
1.000000,1.000000,1.000000,0,0,0
1.000000,1.000000,1.000000,0,0,0
1.000000,1.000000,1.000000,0,0,0
1.000000,1.000000,1.000000,0,0,0
1.000000,1.000000,1.000000,0,0,0
1.000000,1.000000,1.000000,0,0,0
1.000000,1.000000,1.000000,0,0,0
1.000000,1.000000,1.000000,0,0,0
1.000000,1.000000,1.000000,0,0,0
1.000000,1.000000,1.000000,0,0,0
1.000000,1.000000,1.000000,0,0,0
1.000000,1.000000,1.000000,0,0,0
1.000000,1.000000,1.000000,0,0,0
1.000000,1.000000,1.000000,0,0,0
1.000000,1.000000,1.000000,0,0,0
1.000000,1.000000,1.000000,0,0,0
1.000000,1.000000,1.000000,0,0,0
1.000000,1.000000,1.000000,0,0,0
1.000000,1.000000,1.000000,0,0,0
1.000000,1.000000,1.000000,0,0,0
1.000000,1.000000,1.000000,0,0,0
1.000000,1.000000,1.000000,0,0,0
1.000000,1.000000,1.000000,0,0,0
1.000000,1.000000,1.000000,0,0,0
1.000000,1.000000,1.000000,0,0,0
1.000000,1.000000,1.000000,0,0,0
1.000000,1.000000,1.000000,0,0,0
1.000000,1.000000,1.000000,0,0,0
1.000000,1.000000,1.000000,0,0,0
1.000000,1.000000,1.000000,0,0,0
1.000000,1.000000,1.000000,0,0,0
1.000000,1.000000,1.000000,0,0,0
1.000000,1.000000,1.000000,0,0,0
1.000000,1.000000,1.000000,0,0,0
1.000000,1.000000,1.000000,0,0,0
1.000000,1.000000,1.000000,0,0,0
1.000000,1.000000,1.000000,0,0,0
1.000000,1.000000,1.000000,0,0,0
1.000000,1.000000,1.000000,0,0,0
1.000000,1.000000,1.000000,0,0,0
1.000000,1.000000,1.000000,0,0,0
1.000000,1.000000,1.000000,0,0,0
1.000000,1.000000,1.000000,0,0,0
1.000000,1.000000,1.000000,0,0,0
1.000000,1.000000,1.000000,0,0,0
1.000000,1.000000,1.000000,0,0,0
1.000000,1.000000,1.000000,0,0,0
1.000000,1.000000,1.000000,0,0,0
1.000000,1.000000,1.000000,0,0,0
1.000000,1.000000,1.000000,0,0,0
1.000000,1.000000,1.000000,0,0,0
1.000000,1.000000,1.000000,0,0,0
1.000000,1.000000,1.000000,0,0,0
1.000000,1.000000,1.000000,0,0,0
1.000000,1.000000,1.000000,0,0,0
1.000000,1.000000,1.000000,0,0,0
1.000000,1.000000,1.000000,0,0,0
1.000000,1.000000,1.000000,0,0,0
1.000000,1.000000,1.000000,0,0,0
1.000000,1.000000,1.000000,0,0,0
1.000000,1.000000,1.000000,0,0,0
1.000000,1.000000,1.000000,0,0,0
1.000000,1.000000,1.000000,0,0,0
1.000000,1.000000,1.000000,0,0,0
1.000000,1.000000,1.000000,0,0,0
1.000000,1.000000,1.000000,0,0,0
1.000000,1.000000,1.000000,0,0,0
1.000000,1.000000,1.000000,0,0,0
1.000000,1.000000,1.000000,0,0,0
1.000000,1.000000,1.000000,0,0,0
1.000000,1.000000,1.000000,0,0,0
1.000000,1.000000,1.000000,0,0,0
1.000000,1.000000,1.000000,0,0,0
1.000000,1.000000,1.000000,0,0,0
1.000000,1.000000,1.000000,0,0,0
1.000000,1.000000,1.000000,0,0,0
1.000000,1.000000,1.000000,0,0,0
1.000000,1.000000,1.000000,0,0,0
1.000000,1.000000,1.000000,0,0,0
1.000000,1.000000,1.000000,0,0,0
1.000000,1.000000,1.000000,0,0,0
1.000000,1.000000,1.000000,0,0,0
1.000000,1.000000,1.000000,0,0,0
1.000000,1.000000,1.000000,0,0,0
1.000000,1.000000,1.000000,0,0,0
1.000000,1.000000,1.000000,0,0,0
1.000000,1.000000,1.000000,0,0,0
1.000000,1.000000,1.000000,0,0,0
1.000000,1.000000,1.000000,0,0,0
1.000000,1.000000,1.000000,0,0,0
1.000000,1.000000,1.000000,0,0,0
1.000000,1.000000,1.000000,0,0,0
1.000000,1.000000,1.000000,0,0,0
1.000000,1.000000,1.000000,0,0,0
1.000000,1.000000,1.000000,0,0,0
1.000000,1.000000,1.000000,0,0,0
1.000000,1.000000,1.000000,0,0,0
1.000000,1.000000,1.000000,0,0,0
1.000000,1.000000,1.000000,0,0,0
1.000000,1.000000,1.000000,0,0,0
1.000000,1.000000,1.000000,0,0,0
1.000000,1.000000,1.000000,0,0,0
1.000000,1.000000,1.000000,0,0,0
1.000000,1.000000,1.000000,0,0,0
1.000000,1.000000,1.000000,0,0,0
1.000000,1.000000,1.000000,0,0,0
1.000000,1.000000,1.000000,0,0,0
1.000000,1.000000,1.000000,0,0,0
1.000000,1.000000,1.000000,0,0,0
1.000000,1.000000,1.000000,0,0,0
1.000000,1.000000,1.000000,0,0,0
1.000000,1.000000,1.000000,0,0,0
1.000000,1.000000,1.000000,0,0,0
1.000000,1.000000,1.000000,0,0,0
1.000000,1.000000,1.000000,0,0,0
1.000000,1.000000,1.000000,0,0,0
1.000000,1.000000,1.000000,0,0,0
1.000000,1.000000,1.000000,0,0,0
1.000000,1.000000,1.000000,0,0,0
1.000000,1.000000,1.000000,0,0,0
1.000000,1.000000,1.000000,0,0,0
1.000000,1.000000,1.000000,0,0,0
1.000000,1.000000,1.000000,0,0,0
1.000000,1.000000,1.000000,0,0,0
1.000000,1.000000,1.000000,0,0,0
1.000000,1.000000,1.000000,0,0,0
1.000000,1.000000,1.000000,0,0,0
1.000000,1.000000,1.000000,0,0,0
1.000000,1.000000,1.000000,0,0,0
1.000000,1.000000,1.000000,0,0,0
1.000000,1.000000,1.000000,0,0,0
1.000000,1.000000,1.000000,0,0,0
1.000000,1.000000,1.000000,0,0,0
1.000000,1.000000,1.000000,0,0,0
1.000000,1.000000,1.000000,0,0,0
1.000000,1.000000,1.000000,0,0,0
1.000000,1.000000,1.000000,0,0,0
1.000000,1.000000,1.000000,0,0,0
1.000000,1.000000,1.000000,0,0,0
1.000000,1.000000,1.000000,0,0,0
1.000000,1.000000,1.000000,0,0,0
1.000000,1.000000,1.000000,0,0,0
1.000000,1.000000,1.000000,0,0,0
1.000000,1.000000,1.000000,0,0,0
1.000000,1.000000,1.000000,0,0,0
1.000000,1.000000,1.000000,0,0,0
1.000000,1.000000,1.000000,0,0,0
1.000000,1.000000,1.000000,0,0,0
1.000000,1.000000,1.000000,0,0,0
1.000000,1.000000,1.000000,0,0,0
1.000000,1.000000,1.000000,0,0,0
1.000000,1.000000,1.000000,0,0,0
1.000000,1.000000,1.000000,0,0,0
1.000000,1.000000,1.000000,0,0,0
1.000000,1.000000,1.000000,0,0,0
1.000000,1.000000,1.000000,0,0,0
1.000000,1.000000,1.000000,0,0,0
1.000000,1.000000,1.000000,0,0,0
1.000000,1.000000,1.000000,0,0,0
1.000000,1.000000,1.000000,0,0,0
1.000000,1.000000,1.000000,0,0,0
1.000000,1.000000,1.000000,0,0,0
1.000000,1.000000,1.000000,0,0,0
1.000000,1.000000,1.000000,0,0,0
1.000000,1.000000,1.000000,0,0,0
1.000000,1.000000,1.000000,0,0,0
1.000000,1.000000,1.000000,0,0,0
1.000000,1.000000,1.000000,0,0,0
1.000000,1.000000,1.000000,0,0,0
1.000000,1.000000,1.000000,0,0,0
1.000000,1.000000,1.000000,0,0,0
1.000000,1.000000,1.000000,0,0,0
1.000000,1.000000,1.000000,0,0,0
1.000000,1.000000,1.000000,0,0,0
1.000000,1.000000,1.000000,0,0,0
1.000000,1.000000,1.000000,0,0,0
1.000000,1.000000,1.000000,0,0,0
1.000000,1.000000,1.000000,0,0,0
1.000000,1.000000,1.000000,0,0,0
1.000000,1.000000,1.000000,0,0,0
1.000000,1.000000,1.000000,0,0,0
1.000000,1.000000,1.000000,0,0,0
1.000000,1.000000,1.000000,0,0,0
1.000000,1.000000,1.000000,0,0,0
1.000000,1.000000,1.000000,0,0,0
1.000000,1.000000,1.000000,0,0,0
1.000000,1.000000,1.000000,0,0,0
1.000000,1.000000,1.000000,0,0,0
1.000000,1.000000,1.000000,0,0,0
1.000000,1.000000,1.000000,0,0,0
1.000000,1.000000,1.000000,0,0,0
1.000000,1.000000,1.000000,0,0,0
1.000000,1.000000,1.000000,0,0,0
1.000000,1.000000,1.000000,0,0,0
1.000000,1.000000,1.000000,0,0,0
1.000000,1.000000,1.000000,0,0,0
1.000000,1.000000,1.000000,0,0,0
1.000000,1.000000,1.000000,0,0,0
1.000000,1.000000,1.000000,0,0,0
1.000000,1.000000,1.000000,0,0,0
1.000000,1.000000,1.000000,0,0,0
1.000000,1.000000,1.000000,0,0,0
1.000000,1.000000,1.000000,0,0,0
1.000000,1.000000,1.000000,0,0,0
1.000000,1.000000,1.000000,0,0,0
1.000000,1.000000,1.000000,0,0,0
1.000000,1.000000,1.000000,0,0,0
1.000000,1.000000,1.000000,0,0,0
1.000000,1.000000,1.000000,0,0,0
1.000000,1.000000,1.000000,0,0,0
1.000000,1.000000,1.000000,0,0,0
1.000000,1.000000,1.000000,0,0,0
1.000000,1.000000,1.000000,0,0,0
1.000000,1.000000,1.000000,0,0,0
1.000000,1.000000,1.000000,0,0,0
1.000000,1.000000,1.000000,0,0,0
1.000000,1.000000,1.000000,0,0,0
1.000000,1.000000,1.000000,0,0,0
1.000000,1.000000,1.000000,0,0,0
1.000000,1.000000,1.000000,0,0,0
1.000000,1.000000,1.000000,0,0,0
1.000000,1.000000,1.000000,0,0,0
1.000000,1.000000,1.000000,0,0,0
1.000000,1.000000,1.000000,0,0,0
1.000000,1.000000,1.000000,0,0,0
1.000000,1.000000,1.000000,0,0,0
1.000000,1.000000,1.000000,0,0,0
1.000000,1.000000,1.000000,0,0,0
1.000000,1.000000,1.000000,0,0,0
1.000000,1.000000,1.000000,0,0,0
1.000000,1.000000,1.000000,0,0,0
1.000000,1.000000,1.000000,0,0,0
1.000000,1.000000,1.000000,0,0,0
1.000000,1.000000,1.000000,0,0,0
1.000000,1.000000,1.000000,0,0,0
1.000000,1.000000,1.000000,0,0,0
1.000000,1.000000,1.000000,0,0,0
1.000000,1.000000,1.000000,0,0,0
1.000000,1.000000,1.000000,0,0,0
1.000000,1.000000,1.000000,0,0,0
1.000000,1.000000,1.000000,0,0,0
1.000000,1.000000,1.000000,0,0,0
1.000000,1.000000,1.000000,0,0,0
1.000000,1.000000,1.000000,0,0,0
1.000000,1.000000,1.000000,0,0,0
1.000000,1.000000,1.000000,0,0,0
1.000000,1.000000,1.000000,0,0,0
1.000000,1.000000,1.000000,0,0,0
1.000000,1.000000,1.000000,0,0,0
1.000000,1.000000,1.000000,0,0,0
1.000000,1.000000,1.000000,0,0,0
1.000000,1.000000,1.000000,0,0,0
1.000000,1.000000,1.000000,0,0,0
1.000000,1.000000,1.000000,0,0,0
1.000000,1.000000,1.000000,0,0,0
1.000000,1.000000,1.000000,0,0,0
1.000000,1.000000,1.000000,0,0,0
1.000000,1.000000,1.000000,0,0,0
1.000000,1.000000,1.000000,0,0,0
1.000000,1.000000,1.000000,0,0,0
1.000000,1.000000,1.000000,0,0,0
1.000000,1.000000,1.000000,0,0,0
1.000000,1.000000,1.000000,0,0,0
1.000000,1.000000,1.000000,0,0,0
1.000000,1.000000,1.000000,0,0,0
1.000000,1.000000,1.000000,0,0,0
1.000000,1.000000,1.000000,0,0,0
1.000000,1.000000,1.000000,0,0,0
1.000000,1.000000,1.000000,0,0,0
1.000000,1.000000,1.000000,0,0,0
1.000000,1.000000,1.000000,0,0,0
1.000000,1.000000,1.000000,0,0,0
1.000000,1.000000,1.000000,0,0,0
1.000000,1.000000,1.000000,0,0,0
1.000000,1.000000,1.000000,0,0,0
1.000000,1.000000,1.000000,0,0,0
1.000000,1.000000,1.000000,0,0,0
1.000000,1.000000,1.000000,0,0,0
1.000000,1.000000,1.000000,0,0,0
1.000000,1.000000,1.000000,0,0,0
1.000000,1.000000,1.000000,0,0,0
1.000000,1.000000,1.000000,0,0,0
1.000000,1.000000,1.000000,0,0,0
1.000000,1.000000,1.000000,0,0,0
1.000000,1.000000,1.000000,0,0,0
1.000000,1.000000,1.000000,0,0,0
1.000000,1.000000,1.000000,0,0,0
1.000000,1.000000,1.000000,0,0,0
1.000000,1.000000,1.000000,0,0,0
1.000000,1.000000,1.000000,0,0,0
1.000000,1.000000,1.000000,0,0,0
1.000000,1.000000,1.000000,0,0,0
1.000000,1.000000,1.000000,0,0,0
1.000000,1.000000,1.000000,0,0,0
1.000000,1.000000,1.000000,0,0,0
1.000000,1.000000,1.000000,0,0,0
1.000000,1.000000,1.000000,0,0,0
1.000000,1.000000,1.000000,0,0,0
1.000000,1.000000,1.000000,0,0,0
1.000000,1.000000,1.000000,0,0,0
1.000000,1.000000,1.000000,0,0,0
1.000000,1.000000,1.000000,0,0,0
1.000000,1.000000,1.000000,0,0,0
1.000000,1.000000,1.000000,0,0,0
1.000000,1.000000,1.000000,0,0,0
1.000000,1.000000,1.000000,0,0,0
1.000000,1.000000,1.000000,0,0,0
1.000000,1.000000,1.000000,0,0,0
1.000000,1.000000,1.000000,0,0,0
1.000000,1.000000,1.000000,0,0,0
1.000000,1.000000,1.000000,0,0,0
1.000000,1.000000,1.000000,0,0,0
1.000000,1.000000,1.000000,0,0,0
1.000000,1.000000,1.000000,0,0,0
1.000000,1.000000,1.000000,0,0,0
1.000000,1.000000,1.000000,0,0,0
1.000000,1.000000,1.000000,0,0,0
1.000000,1.000000,1.000000,0,0,0
1.000000,1.000000,1.000000,0,0,0
1.000000,1.000000,1.000000,0,0,0
1.000000,1.000000,1.000000,0,0,0
1.000000,1.000000,1.000000,0,0,0
1.000000,1.000000,1.000000,0,0,0
1.000000,1.000000,1.000000,0,0,0
1.000000,1.000000,1.000000,0,0,0
1.000000,1.000000,1.000000,0,0,0
1.000000,1.000000,1.000000,0,0,0
1.000000,1.000000,1.000000,0,0,0
1.000000,1.000000,1.000000,0,0,0
1.000000,1.000000,1.000000,0,0,0
1.000000,1.000000,1.000000,0,0,0
1.000000,1.000000,1.000000,0,0,0
1.000000,1.000000,1.000000,0,0,0
1.000000,1.000000,1.000000,0,0,0
1.000000,1.000000,1.000000,0,0,0
1.000000,1.000000,1.000000,0,0,0
1.000000,1.000000,1.000000,0,0,0
1.000000,1.000000,1.000000,0,0,0
1.000000,1.000000,1.000000,0,0,0
1.000000,1.000000,1.000000,0,0,0
1.000000,1.000000,1.000000,0,0,0
1.000000,1.000000,1.000000,0,0,0
1.000000,1.000000,1.000000,0,0,0
1.000000,1.000000,1.000000,0,0,0
1.000000,1.000000,1.000000,0,0,0
1.000000,1.000000,1.000000,0,0,0
1.000000,1.000000,1.000000,0,0,0
1.000000,1.000000,1.000000,0,0,0
1.000000,1.000000,1.000000,0,0,0
1.000000,1.000000,1.000000,0,0,0
1.000000,1.000000,1.000000,0,0,0
1.000000,1.000000,1.000000,0,0,0
1.000000,1.000000,1.000000,0,0,0
1.000000,1.000000,1.000000,0,0,0
1.000000,1.000000,1.000000,0,0,0
1.000000,1.000000,1.000000,0,0,0
1.000000,1.000000,1.000000,0,0,0
1.000000,1.000000,1.000000,0,0,0
1.000000,1.000000,1.000000,0,0,0
1.000000,1.000000,1.000000,0,0,0
1.000000,1.000000,1.000000,0,0,0
1.000000,1.000000,1.000000,0,0,0
1.000000,1.000000,1.000000,0,0,0
1.000000,1.000000,1.000000,0,0,0
1.000000,1.000000,1.000000,0,0,0
1.000000,1.000000,1.000000,0,0,0
1.000000,1.000000,1.000000,0,0,0
1.000000,1.000000,1.000000,0,0,0
1.000000,1.000000,1.000000,0,0,0
1.000000,1.000000,1.000000,0,0,0
1.000000,1.000000,1.000000,0,0,0
1.000000,1.000000,1.000000,0,0,0
1.000000,1.000000,1.000000,0,0,0
1.000000,1.000000,1.000000,0,0,0
1.000000,1.000000,1.000000,0,0,0
1.000000,1.000000,1.000000,0,0,0
1.000000,1.000000,1.000000,0,0,0
1.000000,1.000000,1.000000,0,0,0
1.000000,1.000000,1.000000,0,0,0
1.000000,1.000000,1.000000,0,0,0
1.000000,1.000000,1.000000,0,0,0
1.000000,1.000000,1.000000,0,0,0
1.000000,1.000000,1.000000,0,0,0
1.000000,1.000000,1.000000,0,0,0
1.000000,1.000000,1.000000,0,0,0
1.000000,1.000000,1.000000,0,0,0
1.000000,1.000000,1.000000,0,0,0
1.000000,1.000000,1.000000,0,0,0
1.000000,1.000000,1.000000,0,0,0
1.000000,1.000000,1.000000,0,0,0
1.000000,1.000000,1.000000,0,0,0
1.000000,1.000000,1.000000,0,0,0
1.000000,1.000000,1.000000,0,0,0
1.000000,1.000000,1.000000,0,0,0
1.000000,1.000000,1.000000,0,0,0
1.000000,1.000000,1.000000,0,0,0
1.000000,1.000000,1.000000,0,0,0
1.000000,1.000000,1.000000,0,0,0
1.000000,1.000000,1.000000,0,0,0
1.000000,1.000000,1.000000,0,0,0
1.000000,1.000000,1.000000,0,0,0
1.000000,1.000000,1.000000,0,0,0
1.000000,1.000000,1.000000,0,0,0
1.000000,1.000000,1.000000,0,0,0
1.000000,1.000000,1.000000,0,0,0
1.000000,1.000000,1.000000,0,0,0
1.000000,1.000000,1.000000,0,0,0
1.000000,1.000000,1.000000,0,0,0
1.000000,1.000000,1.000000,0,0,0
1.000000,1.000000,1.000000,0,0,0
1.000000,1.000000,1.000000,0,0,0
1.000000,1.000000,1.000000,0,0,0
1.000000,1.000000,1.000000,0,0,0
1.000000,1.000000,1.000000,0,0,0
1.000000,1.000000,1.000000,0,0,0
1.000000,1.000000,1.000000,0,0,0
1.000000,1.000000,1.000000,0,0,0
1.000000,1.000000,1.000000,0,0,0
1.000000,1.000000,1.000000,0,0,0
1.000000,1.000000,1.000000,0,0,0
1.000000,1.000000,1.000000,0,0,0
1.000000,1.000000,1.000000,0,0,0
1.000000,1.000000,1.000000,0,0,0
1.000000,1.000000,1.000000,0,0,0
1.000000,1.000000,1.000000,0,0,0
1.000000,1.000000,1.000000,0,0,0
1.000000,1.000000,1.000000,0,0,0
1.000000,1.000000,1.000000,0,0,0
1.000000,1.000000,1.000000,0,0,0
1.000000,1.000000,1.000000,0,0,0
1.000000,1.000000,1.000000,0,0,0
1.000000,1.000000,1.000000,0,0,0
1.000000,1.000000,1.000000,0,0,0
1.000000,1.000000,1.000000,0,0,0
1.000000,1.000000,1.000000,0,0,0
1.000000,1.000000,1.000000,0,0,0
1.000000,1.000000,1.000000,0,0,0
1.000000,1.000000,1.000000,0,0,0
1.000000,1.000000,1.000000,0,0,0
1.000000,1.000000,1.000000,0,0,0
1.000000,1.000000,1.000000,0,0,0
1.000000,1.000000,1.000000,0,0,0
1.000000,1.000000,1.000000,0,0,0
1.000000,1.000000,1.000000,0,0,0
1.000000,1.000000,1.000000,0,0,0
1.000000,1.000000,1.000000,0,0,0
1.000000,1.000000,1.000000,0,0,0
1.000000,1.000000,1.000000,0,0,0
1.000000,1.000000,1.000000,0,0,0
1.000000,1.000000,1.000000,0,0,0
1.000000,1.000000,1.000000,0,0,0
1.000000,1.000000,1.000000,0,0,0
1.000000,1.000000,1.000000,0,0,0
1.000000,1.000000,1.000000,0,0,0
1.000000,1.000000,1.000000,0,0,0
1.000000,1.000000,1.000000,0,0,0
1.000000,1.000000,1.000000,0,0,0
1.000000,1.000000,1.000000,0,0,0
1.000000,1.000000,1.000000,0,0,0
1.000000,1.000000,1.000000,0,0,0
1.000000,1.000000,1.000000,0,0,0
1.000000,1.000000,1.000000,0,0,0
1.000000,1.000000,1.000000,0,0,0
1.000000,1.000000,1.000000,0,0,0
1.000000,1.000000,1.000000,0,0,0
1.000000,1.000000,1.000000,0,0,0
1.000000,1.000000,1.000000,0,0,0
1.000000,1.000000,1.000000,0,0,0
1.000000,1.000000,1.000000,0,0,0
1.000000,1.000000,1.000000,0,0,0
1.000000,1.000000,1.000000,0,0,0
1.000000,1.000000,1.000000,0,0,0
1.000000,1.000000,1.000000,0,0,0
1.000000,1.000000,1.000000,0,0,0
1.000000,1.000000,1.000000,0,0,0
1.000000,1.000000,1.000000,0,0,0
1.000000,1.000000,1.000000,0,0,0
1.000000,1.000000,1.000000,0,0,0
1.000000,1.000000,1.000000,0,0,0
1.000000,1.000000,1.000000,0,0,0
1.000000,1.000000,1.000000,0,0,0
1.000000,1.000000,1.000000,0,0,0
1.000000,1.000000,1.000000,0,0,0
1.000000,1.000000,1.000000,0,0,0
1.000000,1.000000,1.000000,0,0,0
1.000000,1.000000,1.000000,0,0,0
1.000000,1.000000,1.000000,0,0,0
1.000000,1.000000,1.000000,0,0,0
1.000000,1.000000,1.000000,0,0,0
1.000000,1.000000,1.000000,0,0,0
1.000000,1.000000,1.000000,0,0,0
1.000000,1.000000,1.000000,0,0,0
1.000000,1.000000,1.000000,0,0,0
1.000000,1.000000,1.000000,0,0,0
1.000000,1.000000,1.000000,0,0,0
1.000000,1.000000,1.000000,0,0,0
1.000000,1.000000,1.000000,0,0,0
1.000000,1.000000,1.000000,0,0,0
1.000000,1.000000,1.000000,0,0,0
1.000000,1.000000,1.000000,0,0,0
1.000000,1.000000,1.000000,0,0,0
1.000000,1.000000,1.000000,0,0,0
1.000000,1.000000,1.000000,0,0,0
1.000000,1.000000,1.000000,0,0,0
1.000000,1.000000,1.000000,0,0,0
1.000000,1.000000,1.000000,0,0,0
1.000000,1.000000,1.000000,0,0,0
1.000000,1.000000,1.000000,0,0,0
1.000000,1.000000,1.000000,0,0,0
1.000000,1.000000,1.000000,0,0,0
1.000000,1.000000,1.000000,0,0,0
1.000000,1.000000,1.000000,0,0,0
1.000000,1.000000,1.000000,0,0,0
1.000000,1.000000,1.000000,0,0,0
1.000000,1.000000,1.000000,0,0,0
1.000000,1.000000,1.000000,0,0,0
1.000000,1.000000,1.000000,0,0,0
1.000000,1.000000,1.000000,0,0,0
1.000000,1.000000,1.000000,0,0,0
1.000000,1.000000,1.000000,0,0,0
1.000000,1.000000,1.000000,0,0,0
1.000000,1.000000,1.000000,0,0,0
1.000000,1.000000,1.000000,0,0,0
1.000000,1.000000,1.000000,0,0,0
1.000000,1.000000,1.000000,0,0,0
1.000000,1.000000,1.000000,0,0,0
1.000000,1.000000,1.000000,0,0,0
1.000000,1.000000,1.000000,0,0,0
1.000000,1.000000,1.000000,0,0,0
1.000000,1.000000,1.000000,0,0,0
1.000000,1.000000,1.000000,0,0,0
1.000000,1.000000,1.000000,0,0,0
1.000000,1.000000,1.000000,0,0,0
1.000000,1.000000,1.000000,0,0,0
1.000000,1.000000,1.000000,0,0,0
1.000000,1.000000,1.000000,0,0,0
1.000000,1.000000,1.000000,0,0,0
1.000000,1.000000,1.000000,0,0,0
1.000000,1.000000,1.000000,0,0,0
1.000000,1.000000,1.000000,0,0,0
1.000000,1.000000,1.000000,0,0,0
1.000000,1.000000,1.000000,0,0,0
1.000000,1.000000,1.000000,0,0,0
1.000000,1.000000,1.000000,0,0,0
1.000000,1.000000,1.000000,0,0,0
1.000000,1.000000,1.000000,0,0,0
1.000000,1.000000,1.000000,0,0,0
1.000000,1.000000,1.000000,0,0,0
1.000000,1.000000,1.000000,0,0,0
1.000000,1.000000,1.000000,0,0,0
1.000000,1.000000,1.000000,0,0,0
1.000000,1.000000,1.000000,0,0,0
1.000000,1.000000,1.000000,0,0,0
1.000000,1.000000,1.000000,0,0,0
1.000000,1.000000,1.000000,0,0,0
1.000000,1.000000,1.000000,0,0,0
1.000000,1.000000,1.000000,0,0,0
1.000000,1.000000,1.000000,0,0,0
1.000000,1.000000,1.000000,0,0,0
1.000000,1.000000,1.000000,0,0,0
1.000000,1.000000,1.000000,0,0,0
1.000000,1.000000,1.000000,0,0,0
1.000000,1.000000,1.000000,0,0,0
1.000000,1.000000,1.000000,0,0,0
1.000000,1.000000,1.000000,0,0,0
1.000000,1.000000,1.000000,0,0,0
1.000000,1.000000,1.000000,0,0,0
1.000000,1.000000,1.000000,0,0,0
1.000000,1.000000,1.000000,0,0,0
1.000000,1.000000,1.000000,0,0,0
1.000000,1.000000,1.000000,0,0,0
1.000000,1.000000,1.000000,0,0,0
1.000000,1.000000,1.000000,0,0,0
1.000000,1.000000,1.000000,0,0,0
1.000000,1.000000,1.000000,0,0,0
1.000000,1.000000,1.000000,0,0,0
1.000000,1.000000,1.000000,0,0,0
1.000000,1.000000,1.000000,0,0,0
1.000000,1.000000,1.000000,0,0,0
1.000000,1.000000,1.000000,0,0,0
1.000000,1.000000,1.000000,0,0,0
1.000000,1.000000,1.000000,0,0,0
1.000000,1.000000,1.000000,0,0,0
1.000000,1.000000,1.000000,0,0,0
1.000000,1.000000,1.000000,0,0,0
1.000000,1.000000,1.000000,0,0,0
1.000000,1.000000,1.000000,0,0,0
1.000000,1.000000,1.000000,0,0,0
1.000000,1.000000,1.000000,0,0,0
1.000000,1.000000,1.000000,0,0,0
1.000000,1.000000,1.000000,0,0,0
1.000000,1.000000,1.000000,0,0,0
1.000000,1.000000,1.000000,0,0,0
1.000000,1.000000,1.000000,0,0,0
1.000000,1.000000,1.000000,0,0,0
1.000000,1.000000,1.000000,0,0,0
1.000000,1.000000,1.000000,0,0,0
1.000000,1.000000,1.000000,0,0,0
1.000000,1.000000,1.000000,0,0,0
1.000000,1.000000,1.000000,0,0,0
1.000000,1.000000,1.000000,0,0,0
1.000000,1.000000,1.000000,0,0,0
1.000000,1.000000,1.000000,0,0,0
1.000000,1.000000,1.000000,0,0,0
1.000000,1.000000,1.000000,0,0,0
1.000000,1.000000,1.000000,0,0,0
1.000000,1.000000,1.000000,0,0,0
1.000000,1.000000,1.000000,0,0,0
1.000000,1.000000,1.000000,0,0,0
1.000000,1.000000,1.000000,0,0,0
1.000000,1.000000,1.000000,0,0,0
1.000000,1.000000,1.000000,0,0,0
1.000000,1.000000,1.000000,0,0,0
1.000000,1.000000,1.000000,0,0,0
1.000000,1.000000,1.000000,0,0,0
1.000000,1.000000,1.000000,0,0,0
1.000000,1.000000,1.000000,0,0,0
1.000000,1.000000,1.000000,0,0,0
1.000000,1.000000,1.000000,0,0,0
1.000000,1.000000,1.000000,0,0,0
1.000000,1.000000,1.000000,0,0,0
1.000000,1.000000,1.000000,0,0,0
1.000000,1.000000,1.000000,0,0,0
1.000000,1.000000,1.000000,0,0,0
1.000000,1.000000,1.000000,0,0,0
1.000000,1.000000,1.000000,0,0,0
1.000000,1.000000,1.000000,0,0,0
1.000000,1.000000,1.000000,0,0,0
1.000000,1.000000,1.000000,0,0,0
1.000000,1.000000,1.000000,0,0,0
1.000000,1.000000,1.000000,0,0,0
1.000000,1.000000,1.000000,0,0,0
1.000000,1.000000,1.000000,0,0,0
1.000000,1.000000,1.000000,0,0,0
1.000000,1.000000,1.000000,0,0,0
1.000000,1.000000,1.000000,0,0,0
1.000000,1.000000,1.000000,0,0,0
1.000000,1.000000,1.000000,0,0,0
1.000000,1.000000,1.000000,0,0,0
1.000000,1.000000,1.000000,0,0,0
1.000000,1.000000,1.000000,0,0,0
1.000000,1.000000,1.000000,0,0,0
1.000000,1.000000,1.000000,0,0,0
1.000000,1.000000,1.000000,0,0,0
1.000000,1.000000,1.000000,0,0,0
1.000000,1.000000,1.000000,0,0,0
1.000000,1.000000,1.000000,0,0,0
1.000000,1.000000,1.000000,0,0,0
1.000000,1.000000,1.000000,0,0,0
1.000000,1.000000,1.000000,0,0,0
1.000000,1.000000,1.000000,0,0,0
1.000000,1.000000,1.000000,0,0,0
1.000000,1.000000,1.000000,0,0,0
1.000000,1.000000,1.000000,0,0,0
1.000000,1.000000,1.000000,0,0,0
1.000000,1.000000,1.000000,0,0,0
1.000000,1.000000,1.000000,0,0,0
1.000000,1.000000,1.000000,0,0,0
1.000000,1.000000,1.000000,0,0,0
1.000000,1.000000,1.000000,0,0,0
1.000000,1.000000,1.000000,0,0,0
1.000000,1.000000,1.000000,0,0,0
1.000000,1.000000,1.000000,0,0,0
1.000000,1.000000,1.000000,0,0,0
1.000000,1.000000,1.000000,0,0,0
1.000000,1.000000,1.000000,0,0,0
1.000000,1.000000,1.000000,0,0,0
1.000000,1.000000,1.000000,0,0,0
1.000000,1.000000,1.000000,0,0,0
1.000000,1.000000,1.000000,0,0,0
1.000000,1.000000,1.000000,0,0,0
1.000000,1.000000,1.000000,0,0,0
1.000000,1.000000,1.000000,0,0,0
1.000000,1.000000,1.000000,0,0,0
1.000000,1.000000,1.000000,0,0,0
1.000000,1.000000,1.000000,0,0,0
1.000000,1.000000,1.000000,0,0,0
1.000000,1.000000,1.000000,0,0,0
1.000000,1.000000,1.000000,0,0,0
1.000000,1.000000,1.000000,0,0,0
1.000000,1.000000,1.000000,0,0,0
1.000000,1.000000,1.000000,0,0,0
1.000000,1.000000,1.000000,0,0,0
1.000000,1.000000,1.000000,0,0,0
1.000000,1.000000,1.000000,0,0,0
1.000000,1.000000,1.000000,0,0,0
1.000000,1.000000,1.000000,0,0,0
1.000000,1.000000,1.000000,0,0,0
1.000000,1.000000,1.000000,0,0,0
1.000000,1.000000,1.000000,0,0,0
1.000000,1.000000,1.000000,0,0,0
1.000000,1.000000,1.000000,0,0,0
1.000000,1.000000,1.000000,0,0,0
1.000000,1.000000,1.000000,0,0,0
1.000000,1.000000,1.000000,0,0,0
1.000000,1.000000,1.000000,0,0,0
1.000000,1.000000,1.000000,0,0,0
1.000000,1.000000,1.000000,0,0,0
1.000000,1.000000,1.000000,0,0,0
1.000000,1.000000,1.000000,0,0,0
1.000000,1.000000,1.000000,0,0,0
1.000000,1.000000,1.000000,0,0,0
1.000000,1.000000,1.000000,0,0,0
1.000000,1.000000,1.000000,0,0,0
1.000000,1.000000,1.000000,0,0,0
1.000000,1.000000,1.000000,0,0,0
1.000000,1.000000,1.000000,0,0,0
1.000000,1.000000,1.000000,0,0,0
1.000000,1.000000,1.000000,0,0,0
1.000000,1.000000,1.000000,0,0,0
1.000000,1.000000,1.000000,0,0,0
1.000000,1.000000,1.000000,0,0,0
1.000000,1.000000,1.000000,0,0,0
1.000000,1.000000,1.000000,0,0,0
1.000000,1.000000,1.000000,0,0,0
1.000000,1.000000,1.000000,0,0,0
1.000000,1.000000,1.000000,0,0,0
1.000000,1.000000,1.000000,0,0,0
1.000000,1.000000,1.000000,0,0,0
1.000000,1.000000,1.000000,0,0,0
1.000000,1.000000,1.000000,0,0,0
1.000000,1.000000,1.000000,0,0,0
1.000000,1.000000,1.000000,0,0,0
1.000000,1.000000,1.000000,0,0,0
1.000000,1.000000,1.000000,0,0,0
1.000000,1.000000,1.000000,0,0,0
1.000000,1.000000,1.000000,0,0,0
1.000000,1.000000,1.000000,0,0,0
1.000000,1.000000,1.000000,0,0,0
1.000000,1.000000,1.000000,0,0,0
1.000000,1.000000,1.000000,0,0,0
1.000000,1.000000,1.000000,0,0,0
1.000000,1.000000,1.000000,0,0,0
1.000000,1.000000,1.000000,0,0,0
1.000000,1.000000,1.000000,0,0,0
1.000000,1.000000,1.000000,0,0,0
1.000000,1.000000,1.000000,0,0,0
1.000000,1.000000,1.000000,0,0,0
1.000000,1.000000,1.000000,0,0,0
1.000000,1.000000,1.000000,0,0,0
1.000000,1.000000,1.000000,0,0,0
1.000000,1.000000,1.000000,0,0,0
1.000000,1.000000,1.000000,0,0,0
1.000000,1.000000,1.000000,0,0,0
1.000000,1.000000,1.000000,0,0,0
1.000000,1.000000,1.000000,0,0,0
1.000000,1.000000,1.000000,0,0,0
1.000000,1.000000,1.000000,0,0,0
1.000000,1.000000,1.000000,0,0,0
1.000000,1.000000,1.000000,0,0,0
1.000000,1.000000,1.000000,0,0,0
1.000000,1.000000,1.000000,0,0,0
1.000000,1.000000,1.000000,0,0,0
1.000000,1.000000,1.000000,0,0,0
1.000000,1.000000,1.000000,0,0,0
1.000000,1.000000,1.000000,0,0,0
1.000000,1.000000,1.000000,0,0,0
1.000000,1.000000,1.000000,0,0,0
1.000000,1.000000,1.000000,0,0,0
1.000000,1.000000,1.000000,0,0,0
1.000000,1.000000,1.000000,0,0,0
1.000000,1.000000,1.000000,0,0,0
1.000000,1.000000,1.000000,0,0,0
1.000000,1.000000,1.000000,0,0,0
1.000000,1.000000,1.000000,0,0,0
1.000000,1.000000,1.000000,0,0,0
1.000000,1.000000,1.000000,0,0,0
1.000000,1.000000,1.000000,0,0,0
1.000000,1.000000,1.000000,0,0,0
1.000000,1.000000,1.000000,0,0,0
1.000000,1.000000,1.000000,0,0,0
1.000000,1.000000,1.000000,0,0,0
1.000000,1.000000,1.000000,0,0,0
1.000000,1.000000,1.000000,0,0,0
1.000000,1.000000,1.000000,0,0,0
1.000000,1.000000,1.000000,0,0,0
1.000000,1.000000,1.000000,0,0,0
1.000000,1.000000,1.000000,0,0,0
1.000000,1.000000,1.000000,0,0,0
1.000000,1.000000,1.000000,0,0,0
1.000000,1.000000,1.000000,0,0,0
1.000000,1.000000,1.000000,0,0,0
1.000000,1.000000,1.000000,0,0,0
1.000000,1.000000,1.000000,0,0,0
1.000000,1.000000,1.000000,0,0,0
1.000000,1.000000,1.000000,0,0,0
1.000000,1.000000,1.000000,0,0,0
1.000000,1.000000,1.000000,0,0,0
1.000000,1.000000,1.000000,0,0,0
1.000000,1.000000,1.000000,0,0,0
1.000000,1.000000,1.000000,0,0,0
1.000000,1.000000,1.000000,0,0,0
1.000000,1.000000,1.000000,0,0,0
1.000000,1.000000,1.000000,0,0,0
1.000000,1.000000,1.000000,0,0,0
1.000000,1.000000,1.000000,0,0,0
1.000000,1.000000,1.000000,0,0,0
1.000000,1.000000,1.000000,0,0,0
1.000000,1.000000,1.000000,0,0,0
1.000000,1.000000,1.000000,0,0,0
1.000000,1.000000,1.000000,0,0,0
1.000000,1.000000,1.000000,0,0,0
1.000000,1.000000,1.000000,0,0,0
1.000000,1.000000,1.000000,0,0,0
1.000000,1.000000,1.000000,0,0,0
1.000000,1.000000,1.000000,0,0,0
1.000000,1.000000,1.000000,0,0,0
1.000000,1.000000,1.000000,0,0,0
1.000000,1.000000,1.000000,0,0,0
1.000000,1.000000,1.000000,0,0,0
1.000000,1.000000,1.000000,0,0,0
1.000000,1.000000,1.000000,0,0,0
1.000000,1.000000,1.000000,0,0,0
1.000000,1.000000,1.000000,0,0,0
1.000000,1.000000,1.000000,0,0,0
1.000000,1.000000,1.000000,0,0,0
1.000000,1.000000,1.000000,0,0,0
1.000000,1.000000,1.000000,0,0,0
1.000000,1.000000,1.000000,0,0,0
1.000000,1.000000,1.000000,0,0,0
1.000000,1.000000,1.000000,0,0,0
1.000000,1.000000,1.000000,0,0,0
1.000000,1.000000,1.000000,0,0,0
1.000000,1.000000,1.000000,0,0,0
1.000000,1.000000,1.000000,0,0,0
1.000000,1.000000,1.000000,0,0,0
1.000000,1.000000,1.000000,0,0,0
1.000000,1.000000,1.000000,0,0,0
1.000000,1.000000,1.000000,0,0,0
1.000000,1.000000,1.000000,0,0,0
1.000000,1.000000,1.000000,0,0,0
1.000000,1.000000,1.000000,0,0,0
1.000000,1.000000,1.000000,0,0,0
1.000000,1.000000,1.000000,0,0,0
1.000000,1.000000,1.000000,0,0,0
1.000000,1.000000,1.000000,0,0,0
1.000000,1.000000,1.000000,0,0,0
1.000000,1.000000,1.000000,0,0,0
1.000000,1.000000,1.000000,0,0,0
1.000000,1.000000,1.000000,0,0,0
1.000000,1.000000,1.000000,0,0,0
1.000000,1.000000,1.000000,0,0,0
1.000000,1.000000,1.000000,0,0,0
1.000000,1.000000,1.000000,0,0,0
1.000000,1.000000,1.000000,0,0,0
1.000000,1.000000,1.000000,0,0,0
1.000000,1.000000,1.000000,0,0,0
1.000000,1.000000,1.000000,0,0,0
1.000000,1.000000,1.000000,0,0,0
1.000000,1.000000,1.000000,0,0,0
1.000000,1.000000,1.000000,0,0,0
1.000000,1.000000,1.000000,0,0,0
1.000000,1.000000,1.000000,0,0,0
1.000000,1.000000,1.000000,0,0,0
1.000000,1.000000,1.000000,0,0,0
1.000000,1.000000,1.000000,0,0,0
1.000000,1.000000,1.000000,0,0,0
1.000000,1.000000,1.000000,0,0,0
1.000000,1.000000,1.000000,0,0,0
1.000000,1.000000,1.000000,0,0,0
1.000000,1.000000,1.000000,0,0,0
1.000000,1.000000,1.000000,0,0,0
1.000000,1.000000,1.000000,0,0,0
1.000000,1.000000,1.000000,0,0,0
1.000000,1.000000,1.000000,0,0,0
1.000000,1.000000,1.000000,0,0,0
1.000000,1.000000,1.000000,0,0,0
1.000000,1.000000,1.000000,0,0,0
1.000000,1.000000,1.000000,0,0,0
1.000000,1.000000,1.000000,0,0,0
1.000000,1.000000,1.000000,0,0,0
1.000000,1.000000,1.000000,0,0,0
1.000000,1.000000,1.000000,0,0,0
1.000000,1.000000,1.000000,0,0,0
1.000000,1.000000,1.000000,0,0,0
1.000000,1.000000,1.000000,0,0,0
1.000000,1.000000,1.000000,0,0,0
1.000000,1.000000,1.000000,0,0,0
1.000000,1.000000,1.000000,0,0,0
1.000000,1.000000,1.000000,0,0,0
1.000000,1.000000,1.000000,0,0,0
1.000000,1.000000,1.000000,0,0,0
1.000000,1.000000,1.000000,0,0,0
1.000000,1.000000,1.000000,0,0,0
1.000000,1.000000,1.000000,0,0,0
1.000000,1.000000,1.000000,0,0,0
1.000000,1.000000,1.000000,0,0,0
1.000000,1.000000,1.000000,0,0,0
1.000000,1.000000,1.000000,0,0,0
1.000000,1.000000,1.000000,0,0,0
1.000000,1.000000,1.000000,0,0,0
1.000000,1.000000,1.000000,0,0,0
1.000000,1.000000,1.000000,0,0,0
1.000000,1.000000,1.000000,0,0,0
1.000000,1.000000,1.000000,0,0,0
1.000000,1.000000,1.000000,0,0,0
1.000000,1.000000,1.000000,0,0,0
1.000000,1.000000,1.000000,0,0,0
1.000000,1.000000,1.000000,0,0,0
1.000000,1.000000,1.000000,0,0,0
1.000000,1.000000,1.000000,0,0,0
1.000000,1.000000,1.000000,0,0,0
1.000000,1.000000,1.000000,0,0,0
1.000000,1.000000,1.000000,0,0,0
1.000000,1.000000,1.000000,0,0,0
1.000000,1.000000,1.000000,0,0,0
1.000000,1.000000,1.000000,0,0,0
1.000000,1.000000,1.000000,0,0,0
1.000000,1.000000,1.000000,0,0,0
1.000000,1.000000,1.000000,0,0,0
1.000000,1.000000,1.000000,0,0,0
1.000000,1.000000,1.000000,0,0,0
1.000000,1.000000,1.000000,0,0,0
1.000000,1.000000,1.000000,0,0,0
1.000000,1.000000,1.000000,0,0,0
1.000000,1.000000,1.000000,0,0,0
1.000000,1.000000,1.000000,0,0,0
1.000000,1.000000,1.000000,0,0,0
1.000000,1.000000,1.000000,0,0,0
1.000000,1.000000,1.000000,0,0,0
1.000000,1.000000,1.000000,0,0,0
1.000000,1.000000,1.000000,0,0,0
1.000000,1.000000,1.000000,0,0,0
1.000000,1.000000,1.000000,0,0,0
1.000000,1.000000,1.000000,0,0,0
1.000000,1.000000,1.000000,0,0,0
1.000000,1.000000,1.000000,0,0,0
1.000000,1.000000,1.000000,0,0,0
1.000000,1.000000,1.000000,0,0,0
1.000000,1.000000,1.000000,0,0,0
1.000000,1.000000,1.000000,0,0,0
1.000000,1.000000,1.000000,0,0,0
1.000000,1.000000,1.000000,0,0,0
1.000000,1.000000,1.000000,0,0,0
1.000000,1.000000,1.000000,0,0,0
1.000000,1.000000,1.000000,0,0,0
1.000000,1.000000,1.000000,0,0,0
1.000000,1.000000,1.000000,0,0,0
1.000000,1.000000,1.000000,0,0,0
1.000000,1.000000,1.000000,0,0,0
1.000000,1.000000,1.000000,0,0,0
1.000000,1.000000,1.000000,0,0,0
1.000000,1.000000,1.000000,0,0,0
1.000000,1.000000,1.000000,0,0,0
1.000000,1.000000,1.000000,0,0,0
1.000000,1.000000,1.000000,0,0,0
1.000000,1.000000,1.000000,0,0,0
1.000000,1.000000,1.000000,0,0,0
1.000000,1.000000,1.000000,0,0,0
1.000000,1.000000,1.000000,0,0,0
1.000000,1.000000,1.000000,0,0,0
1.000000,1.000000,1.000000,0,0,0
1.000000,1.000000,1.000000,0,0,0
1.000000,1.000000,1.000000,0,0,0
1.000000,1.000000,1.000000,0,0,0
1.000000,1.000000,1.000000,0,0,0
1.000000,1.000000,1.000000,0,0,0
1.000000,1.000000,1.000000,0,0,0
1.000000,1.000000,1.000000,0,0,0
1.000000,1.000000,1.000000,0,0,0
1.000000,1.000000,1.000000,0,0,0
1.000000,1.000000,1.000000,0,0,0
1.000000,1.000000,1.000000,0,0,0
1.000000,1.000000,1.000000,0,0,0
1.000000,1.000000,1.000000,0,0,0
1.000000,1.000000,1.000000,0,0,0
1.000000,1.000000,1.000000,0,0,0
1.000000,1.000000,1.000000,0,0,0
1.000000,1.000000,1.000000,0,0,0
1.000000,1.000000,1.000000,0,0,0
1.000000,1.000000,1.000000,0,0,0
1.000000,1.000000,1.000000,0,0,0
1.000000,1.000000,1.000000,0,0,0
1.000000,1.000000,1.000000,0,0,0
1.000000,1.000000,1.000000,0,0,0
1.000000,1.000000,1.000000,0,0,0
1.000000,1.000000,1.000000,0,0,0
1.000000,1.000000,1.000000,0,0,0
1.000000,1.000000,1.000000,0,0,0
1.000000,1.000000,1.000000,0,0,0
1.000000,1.000000,1.000000,0,0,0
1.000000,1.000000,1.000000,0,0,0
1.000000,1.000000,1.000000,0,0,0
1.000000,1.000000,1.000000,0,0,0
1.000000,1.000000,1.000000,0,0,0
1.000000,1.000000,1.000000,0,0,0
1.000000,1.000000,1.000000,0,0,0
1.000000,1.000000,1.000000,0,0,0
1.000000,1.000000,1.000000,0,0,0
1.000000,1.000000,1.000000,0,0,0
1.000000,1.000000,1.000000,0,0,0
1.000000,1.000000,1.000000,0,0,0
1.000000,1.000000,1.000000,0,0,0
1.000000,1.000000,1.000000,0,0,0
1.000000,1.000000,1.000000,0,0,0
1.000000,1.000000,1.000000,0,0,0
1.000000,1.000000,1.000000,0,0,0
1.000000,1.000000,1.000000,0,0,0
1.000000,1.000000,1.000000,0,0,0
1.000000,1.000000,1.000000,0,0,0
1.000000,1.000000,1.000000,0,0,0
1.000000,1.000000,1.000000,0,0,0
1.000000,1.000000,1.000000,0,0,0
1.000000,1.000000,1.000000,0,0,0
1.000000,1.000000,1.000000,0,0,0
1.000000,1.000000,1.000000,0,0,0
1.000000,1.000000,1.000000,0,0,0
1.000000,1.000000,1.000000,0,0,0
1.000000,1.000000,1.000000,0,0,0
1.000000,1.000000,1.000000,0,0,0
1.000000,1.000000,1.000000,0,0,0
1.000000,1.000000,1.000000,0,0,0
1.000000,1.000000,1.000000,0,0,0
1.000000,1.000000,1.000000,0,0,0
1.000000,1.000000,1.000000,0,0,0
1.000000,1.000000,1.000000,0,0,0
1.000000,1.000000,1.000000,0,0,0
1.000000,1.000000,1.000000,0,0,0
1.000000,1.000000,1.000000,0,0,0
1.000000,1.000000,1.000000,0,0,0
1.000000,1.000000,1.000000,0,0,0
1.000000,1.000000,1.000000,0,0,0
1.000000,1.000000,1.000000,0,0,0
1.000000,1.000000,1.000000,0,0,0
1.000000,1.000000,1.000000,0,0,0
1.000000,1.000000,1.000000,0,0,0
1.000000,1.000000,1.000000,0,0,0
1.000000,1.000000,1.000000,0,0,0
1.000000,1.000000,1.000000,0,0,0
1.000000,1.000000,1.000000,0,0,0
1.000000,1.000000,1.000000,0,0,0
1.000000,1.000000,1.000000,0,0,0
1.000000,1.000000,1.000000,0,0,0
1.000000,1.000000,1.000000,0,0,0
1.000000,1.000000,1.000000,0,0,0
1.000000,1.000000,1.000000,0,0,0
1.000000,1.000000,1.000000,0,0,0
1.000000,1.000000,1.000000,0,0,0
1.000000,1.000000,1.000000,0,0,0
1.000000,1.000000,1.000000,0,0,0
1.000000,1.000000,1.000000,0,0,0
1.000000,1.000000,1.000000,0,0,0
1.000000,1.000000,1.000000,0,0,0
1.000000,1.000000,1.000000,0,0,0
1.000000,1.000000,1.000000,0,0,0
1.000000,1.000000,1.000000,0,0,0
1.000000,1.000000,1.000000,0,0,0
1.000000,1.000000,1.000000,0,0,0
1.000000,1.000000,1.000000,0,0,0
1.000000,1.000000,1.000000,0,0,0
1.000000,1.000000,1.000000,0,0,0
1.000000,1.000000,1.000000,0,0,0
1.000000,1.000000,1.000000,0,0,0
1.000000,1.000000,1.000000,0,0,0
1.000000,1.000000,1.000000,0,0,0
1.000000,1.000000,1.000000,0,0,0
1.000000,1.000000,1.000000,0,0,0
1.000000,1.000000,1.000000,0,0,0
1.000000,1.000000,1.000000,0,0,0
1.000000,1.000000,1.000000,0,0,0
1.000000,1.000000,1.000000,0,0,0
1.000000,1.000000,1.000000,0,0,0
1.000000,1.000000,1.000000,0,0,0
1.000000,1.000000,1.000000,0,0,0
1.000000,1.000000,1.000000,0,0,0
1.000000,1.000000,1.000000,0,0,0
1.000000,1.000000,1.000000,0,0,0
1.000000,1.000000,1.000000,0,0,0
1.000000,1.000000,1.000000,0,0,0
1.000000,1.000000,1.000000,0,0,0
1.000000,1.000000,1.000000,0,0,0
1.000000,1.000000,1.000000,0,0,0
1.000000,1.000000,1.000000,0,0,0
1.000000,1.000000,1.000000,0,0,0
1.000000,1.000000,1.000000,0,0,0
1.000000,1.000000,1.000000,0,0,0
1.000000,1.000000,1.000000,0,0,0
1.000000,1.000000,1.000000,0,0,0
1.000000,1.000000,1.000000,0,0,0
1.000000,1.000000,1.000000,0,0,0
1.000000,1.000000,1.000000,0,0,0
1.000000,1.000000,1.000000,0,0,0
1.000000,1.000000,1.000000,0,0,0
1.000000,1.000000,1.000000,0,0,0
1.000000,1.000000,1.000000,0,0,0
1.000000,1.000000,1.000000,0,0,0
1.000000,1.000000,1.000000,0,0,0
1.000000,1.000000,1.000000,0,0,0
1.000000,1.000000,1.000000,0,0,0
1.000000,1.000000,1.000000,0,0,0
1.000000,1.000000,1.000000,0,0,0
1.000000,1.000000,1.000000,0,0,0
1.000000,1.000000,1.000000,0,0,0
1.000000,1.000000,1.000000,0,0,0
1.000000,1.000000,1.000000,0,0,0
1.000000,1.000000,1.000000,0,0,0
1.000000,1.000000,1.000000,0,0,0
1.000000,1.000000,1.000000,0,0,0
1.000000,1.000000,1.000000,0,0,0
1.000000,1.000000,1.000000,0,0,0
1.000000,1.000000,1.000000,0,0,0
1.000000,1.000000,1.000000,0,0,0
1.000000,1.000000,1.000000,0,0,0
1.000000,1.000000,1.000000,0,0,0
1.000000,1.000000,1.000000,0,0,0
1.000000,1.000000,1.000000,0,0,0
1.000000,1.000000,1.000000,0,0,0
1.000000,1.000000,1.000000,0,0,0
1.000000,1.000000,1.000000,0,0,0
1.000000,1.000000,1.000000,0,0,0
1.000000,1.000000,1.000000,0,0,0
1.000000,1.000000,1.000000,0,0,0
1.000000,1.000000,1.000000,0,0,0
1.000000,1.000000,1.000000,0,0,0
1.000000,1.000000,1.000000,0,0,0
1.000000,1.000000,1.000000,0,0,0
1.000000,1.000000,1.000000,0,0,0
1.000000,1.000000,1.000000,0,0,0
1.000000,1.000000,1.000000,0,0,0
1.000000,1.000000,1.000000,0,0,0
1.000000,1.000000,1.000000,0,0,0
1.000000,1.000000,1.000000,0,0,0
1.000000,1.000000,1.000000,0,0,0
1.000000,1.000000,1.000000,0,0,0
1.000000,1.000000,1.000000,0,0,0
1.000000,1.000000,1.000000,0,0,0
1.000000,1.000000,1.000000,0,0,0
1.000000,1.000000,1.000000,0,0,0
1.000000,1.000000,1.000000,0,0,0
1.000000,1.000000,1.000000,0,0,0
1.000000,1.000000,1.000000,0,0,0
1.000000,1.000000,1.000000,0,0,0
1.000000,1.000000,1.000000,0,0,0
1.000000,1.000000,1.000000,0,0,0
1.000000,1.000000,1.000000,0,0,0
1.000000,1.000000,1.000000,0,0,0
1.000000,1.000000,1.000000,0,0,0
1.000000,1.000000,1.000000,0,0,0
1.000000,1.000000,1.000000,0,0,0
1.000000,1.000000,1.000000,0,0,0
1.000000,1.000000,1.000000,0,0,0
1.000000,1.000000,1.000000,0,0,0
1.000000,1.000000,1.000000,0,0,0
1.000000,1.000000,1.000000,0,0,0
1.000000,1.000000,1.000000,0,0,0
1.000000,1.000000,1.000000,0,0,0
1.000000,1.000000,1.000000,0,0,0
1.000000,1.000000,1.000000,0,0,0
1.000000,1.000000,1.000000,0,0,0
1.000000,1.000000,1.000000,0,0,0
1.000000,1.000000,1.000000,0,0,0
1.000000,1.000000,1.000000,0,0,0
1.000000,1.000000,1.000000,0,0,0
1.000000,1.000000,1.000000,0,0,0
1.000000,1.000000,1.000000,0,0,0
1.000000,1.000000,1.000000,0,0,0
1.000000,1.000000,1.000000,0,0,0
1.000000,1.000000,1.000000,0,0,0
1.000000,1.000000,1.000000,0,0,0
1.000000,1.000000,1.000000,0,0,0
1.000000,1.000000,1.000000,0,0,0
1.000000,1.000000,1.000000,0,0,0
1.000000,1.000000,1.000000,0,0,0
1.000000,1.000000,1.000000,0,0,0
1.000000,1.000000,1.000000,0,0,0
1.000000,1.000000,1.000000,0,0,0
1.000000,1.000000,1.000000,0,0,0
1.000000,1.000000,1.000000,0,0,0
1.000000,1.000000,1.000000,0,0,0
1.000000,1.000000,1.000000,0,0,0
1.000000,1.000000,1.000000,0,0,0
1.000000,1.000000,1.000000,0,0,0
1.000000,1.000000,1.000000,0,0,0
1.000000,1.000000,1.000000,0,0,0
1.000000,1.000000,1.000000,0,0,0
1.000000,1.000000,1.000000,0,0,0
1.000000,1.000000,1.000000,0,0,0
1.000000,1.000000,1.000000,0,0,0
1.000000,1.000000,1.000000,0,0,0
1.000000,1.000000,1.000000,0,0,0
1.000000,1.000000,1.000000,0,0,0
1.000000,1.000000,1.000000,0,0,0
1.000000,1.000000,1.000000,0,0,0
1.000000,1.000000,1.000000,0,0,0
1.000000,1.000000,1.000000,0,0,0
1.000000,1.000000,1.000000,0,0,0
1.000000,1.000000,1.000000,0,0,0
1.000000,1.000000,1.000000,0,0,0
1.000000,1.000000,1.000000,0,0,0
1.000000,1.000000,1.000000,0,0,0
1.000000,1.000000,1.000000,0,0,0
1.000000,1.000000,1.000000,0,0,0
1.000000,1.000000,1.000000,0,0,0
1.000000,1.000000,1.000000,0,0,0
1.000000,1.000000,1.000000,0,0,0
1.000000,1.000000,1.000000,0,0,0
1.000000,1.000000,1.000000,0,0,0
1.000000,1.000000,1.000000,0,0,0
1.000000,1.000000,1.000000,0,0,0
1.000000,1.000000,1.000000,0,0,0
1.000000,1.000000,1.000000,0,0,0
1.000000,1.000000,1.000000,0,0,0
1.000000,1.000000,1.000000,0,0,0
1.000000,1.000000,1.000000,0,0,0
1.000000,1.000000,1.000000,0,0,0
1.000000,1.000000,1.000000,0,0,0
1.000000,1.000000,1.000000,0,0,0
1.000000,1.000000,1.000000,0,0,0
1.000000,1.000000,1.000000,0,0,0
1.000000,1.000000,1.000000,0,0,0
1.000000,1.000000,1.000000,0,0,0
1.000000,1.000000,1.000000,0,0,0
1.000000,1.000000,1.000000,0,0,0
1.000000,1.000000,1.000000,0,0,0
1.000000,1.000000,1.000000,0,0,0
1.000000,1.000000,1.000000,0,0,0
1.000000,1.000000,1.000000,0,0,0
1.000000,1.000000,1.000000,0,0,0
1.000000,1.000000,1.000000,0,0,0
1.000000,1.000000,1.000000,0,0,0
1.000000,1.000000,1.000000,0,0,0
1.000000,1.000000,1.000000,0,0,0
1.000000,1.000000,1.000000,0,0,0
1.000000,1.000000,1.000000,0,0,0
1.000000,1.000000,1.000000,0,0,0
1.000000,1.000000,1.000000,0,0,0
1.000000,1.000000,1.000000,0,0,0
1.000000,1.000000,1.000000,0,0,0
1.000000,1.000000,1.000000,0,0,0
1.000000,1.000000,1.000000,0,0,0
1.000000,1.000000,1.000000,0,0,0
1.000000,1.000000,1.000000,0,0,0
1.000000,1.000000,1.000000,0,0,0
1.000000,1.000000,1.000000,0,0,0
1.000000,1.000000,1.000000,0,0,0
1.000000,1.000000,1.000000,0,0,0
1.000000,1.000000,1.000000,0,0,0
1.000000,1.000000,1.000000,0,0,0
1.000000,1.000000,1.000000,0,0,0
1.000000,1.000000,1.000000,0,0,0
1.000000,1.000000,1.000000,0,0,0
1.000000,1.000000,1.000000,0,0,0
1.000000,1.000000,1.000000,0,0,0
1.000000,1.000000,1.000000,0,0,0
1.000000,1.000000,1.000000,0,0,0
1.000000,1.000000,1.000000,0,0,0
1.000000,1.000000,1.000000,0,0,0
1.000000,1.000000,1.000000,0,0,0
1.000000,1.000000,1.000000,0,0,0
1.000000,1.000000,1.000000,0,0,0
1.000000,1.000000,1.000000,0,0,0
1.000000,1.000000,1.000000,0,0,0
1.000000,1.000000,1.000000,0,0,0
1.000000,1.000000,1.000000,0,0,0
1.000000,1.000000,1.000000,0,0,0
1.000000,1.000000,1.000000,0,0,0
1.000000,1.000000,1.000000,0,0,0
1.000000,1.000000,1.000000,0,0,0
1.000000,1.000000,1.000000,0,0,0
1.000000,1.000000,1.000000,0,0,0
1.000000,1.000000,1.000000,0,0,0
1.000000,1.000000,1.000000,0,0,0
1.000000,1.000000,1.000000,0,0,0
1.000000,1.000000,1.000000,0,0,0
1.000000,1.000000,1.000000,0,0,0
1.000000,1.000000,1.000000,0,0,0
1.000000,1.000000,1.000000,0,0,0
1.000000,1.000000,1.000000,0,0,0
1.000000,1.000000,1.000000,0,0,0
1.000000,1.000000,1.000000,0,0,0
1.000000,1.000000,1.000000,0,0,0
1.000000,1.000000,1.000000,0,0,0
1.000000,1.000000,1.000000,0,0,0
1.000000,1.000000,1.000000,0,0,0
1.000000,1.000000,1.000000,0,0,0
1.000000,1.000000,1.000000,0,0,0
1.000000,1.000000,1.000000,0,0,0
1.000000,1.000000,1.000000,0,0,0
1.000000,1.000000,1.000000,0,0,0
1.000000,1.000000,1.000000,0,0,0
1.000000,1.000000,1.000000,0,0,0
1.000000,1.000000,1.000000,0,0,0
1.000000,1.000000,1.000000,0,0,0
1.000000,1.000000,1.000000,0,0,0
1.000000,1.000000,1.000000,0,0,0
1.000000,1.000000,1.000000,0,0,0
1.000000,1.000000,1.000000,0,0,0
1.000000,1.000000,1.000000,0,0,0
1.000000,1.000000,1.000000,0,0,0
1.000000,1.000000,1.000000,0,0,0
1.000000,1.000000,1.000000,0,0,0
1.000000,1.000000,1.000000,0,0,0
1.000000,1.000000,1.000000,0,0,0
1.000000,1.000000,1.000000,0,0,0
1.000000,1.000000,1.000000,0,0,0
1.000000,1.000000,1.000000,0,0,0
1.000000,1.000000,1.000000,0,0,0
1.000000,1.000000,1.000000,0,0,0
1.000000,1.000000,1.000000,0,0,0
1.000000,1.000000,1.000000,0,0,0
1.000000,1.000000,1.000000,0,0,0
1.000000,1.000000,1.000000,0,0,0
1.000000,1.000000,1.000000,0,0,0
1.000000,1.000000,1.000000,0,0,0
1.000000,1.000000,1.000000,0,0,0
1.000000,1.000000,1.000000,0,0,0
1.000000,1.000000,1.000000,0,0,0
1.000000,1.000000,1.000000,0,0,0
1.000000,1.000000,1.000000,0,0,0
1.000000,1.000000,1.000000,0,0,0
1.000000,1.000000,1.000000,0,0,0
1.000000,1.000000,1.000000,0,0,0
1.000000,1.000000,1.000000,0,0,0
1.000000,1.000000,1.000000,0,0,0
1.000000,1.000000,1.000000,0,0,0
1.000000,1.000000,1.000000,0,0,0
1.000000,1.000000,1.000000,0,0,0
1.000000,1.000000,1.000000,0,0,0
1.000000,1.000000,1.000000,0,0,0
1.000000,1.000000,1.000000,0,0,0
1.000000,1.000000,1.000000,0,0,0
1.000000,1.000000,1.000000,0,0,0
1.000000,1.000000,1.000000,0,0,0
1.000000,1.000000,1.000000,0,0,0
1.000000,1.000000,1.000000,0,0,0
1.000000,1.000000,1.000000,0,0,0
1.000000,1.000000,1.000000,0,0,0
1.000000,1.000000,1.000000,0,0,0
1.000000,1.000000,1.000000,0,0,0
1.000000,1.000000,1.000000,0,0,0
1.000000,1.000000,1.000000,0,0,0
1.000000,1.000000,1.000000,0,0,0
1.000000,1.000000,1.000000,0,0,0
1.000000,1.000000,1.000000,0,0,0
1.000000,1.000000,1.000000,0,0,0
1.000000,1.000000,1.000000,0,0,0
1.000000,1.000000,1.000000,0,0,0
1.000000,1.000000,1.000000,0,0,0
1.000000,1.000000,1.000000,0,0,0
1.000000,1.000000,1.000000,0,0,0
1.000000,1.000000,1.000000,0,0,0
1.000000,1.000000,1.000000,0,0,0
1.000000,1.000000,1.000000,0,0,0
1.000000,1.000000,1.000000,0,0,0
1.000000,1.000000,1.000000,0,0,0
1.000000,1.000000,1.000000,0,0,0
1.000000,1.000000,1.000000,0,0,0
1.000000,1.000000,1.000000,0,0,0
1.000000,1.000000,1.000000,0,0,0
1.000000,1.000000,1.000000,0,0,0
1.000000,1.000000,1.000000,0,0,0
1.000000,1.000000,1.000000,0,0,0
1.000000,1.000000,1.000000,0,0,0
1.000000,1.000000,1.000000,0,0,0
1.000000,1.000000,1.000000,0,0,0
1.000000,1.000000,1.000000,0,0,0
1.000000,1.000000,1.000000,0,0,0
1.000000,1.000000,1.000000,0,0,0
1.000000,1.000000,1.000000,0,0,0
1.000000,1.000000,1.000000,0,0,0
1.000000,1.000000,1.000000,0,0,0
1.000000,1.000000,1.000000,0,0,0
1.000000,1.000000,1.000000,0,0,0
1.000000,1.000000,1.000000,0,0,0
1.000000,1.000000,1.000000,0,0,0
1.000000,1.000000,1.000000,0,0,0
1.000000,1.000000,1.000000,0,0,0
1.000000,1.000000,1.000000,0,0,0
1.000000,1.000000,1.000000,0,0,0
1.000000,1.000000,1.000000,0,0,0
1.000000,1.000000,1.000000,0,0,0
1.000000,1.000000,1.000000,0,0,0
1.000000,1.000000,1.000000,0,0,0
1.000000,1.000000,1.000000,0,0,0
1.000000,1.000000,1.000000,0,0,0
1.000000,1.000000,1.000000,0,0,0
1.000000,1.000000,1.000000,0,0,0
1.000000,1.000000,1.000000,0,0,0
1.000000,1.000000,1.000000,0,0,0
1.000000,1.000000,1.000000,0,0,0
1.000000,1.000000,1.000000,0,0,0
1.000000,1.000000,1.000000,0,0,0
1.000000,1.000000,1.000000,0,0,0
1.000000,1.000000,1.000000,0,0,0
1.000000,1.000000,1.000000,0,0,0
1.000000,1.000000,1.000000,0,0,0
1.000000,1.000000,1.000000,0,0,0
1.000000,1.000000,1.000000,0,0,0
1.000000,1.000000,1.000000,0,0,0
1.000000,1.000000,1.000000,0,0,0
1.000000,1.000000,1.000000,0,0,0
1.000000,1.000000,1.000000,0,0,0
1.000000,1.000000,1.000000,0,0,0
1.000000,1.000000,1.000000,0,0,0
1.000000,1.000000,1.000000,0,0,0
1.000000,1.000000,1.000000,0,0,0
1.000000,1.000000,1.000000,0,0,0
1.000000,1.000000,1.000000,0,0,0
1.000000,1.000000,1.000000,0,0,0
1.000000,1.000000,1.000000,0,0,0
1.000000,1.000000,1.000000,0,0,0
1.000000,1.000000,1.000000,0,0,0
1.000000,1.000000,1.000000,0,0,0
1.000000,1.000000,1.000000,0,0,0
1.000000,1.000000,1.000000,0,0,0
1.000000,1.000000,1.000000,0,0,0
1.000000,1.000000,1.000000,0,0,0
1.000000,1.000000,1.000000,0,0,0
1.000000,1.000000,1.000000,0,0,0
1.000000,1.000000,1.000000,0,0,0
1.000000,1.000000,1.000000,0,0,0
1.000000,1.000000,1.000000,0,0,0
1.000000,1.000000,1.000000,0,0,0
1.000000,1.000000,1.000000,0,0,0
1.000000,1.000000,1.000000,0,0,0
1.000000,1.000000,1.000000,0,0,0
1.000000,1.000000,1.000000,0,0,0
1.000000,1.000000,1.000000,0,0,0
1.000000,1.000000,1.000000,0,0,0
1.000000,1.000000,1.000000,0,0,0
1.000000,1.000000,1.000000,0,0,0
1.000000,1.000000,1.000000,0,0,0
1.000000,1.000000,1.000000,0,0,0
1.000000,1.000000,1.000000,0,0,0
1.000000,1.000000,1.000000,0,0,0
1.000000,1.000000,1.000000,0,0,0
1.000000,1.000000,1.000000,0,0,0
1.000000,1.000000,1.000000,0,0,0
1.000000,1.000000,1.000000,0,0,0
1.000000,1.000000,1.000000,0,0,0
1.000000,1.000000,1.000000,0,0,0
1.000000,1.000000,1.000000,0,0,0
1.000000,1.000000,1.000000,0,0,0
1.000000,1.000000,1.000000,0,0,0
1.000000,1.000000,1.000000,0,0,0
1.000000,1.000000,1.000000,0,0,0
1.000000,1.000000,1.000000,0,0,0
1.000000,1.000000,1.000000,0,0,0
1.000000,1.000000,1.000000,0,0,0
1.000000,1.000000,1.000000,0,0,0
1.000000,1.000000,1.000000,0,0,0
1.000000,1.000000,1.000000,0,0,0
1.000000,1.000000,1.000000,0,0,0
1.000000,1.000000,1.000000,0,0,0
1.000000,1.000000,1.000000,0,0,0
1.000000,1.000000,1.000000,0,0,0
1.000000,1.000000,1.000000,0,0,0
1.000000,1.000000,1.000000,0,0,0
1.000000,1.000000,1.000000,0,0,0
1.000000,1.000000,1.000000,0,0,0
1.000000,1.000000,1.000000,0,0,0
1.000000,1.000000,1.000000,0,0,0
1.000000,1.000000,1.000000,0,0,0
1.000000,1.000000,1.000000,0,0,0
1.000000,1.000000,1.000000,0,0,0
1.000000,1.000000,1.000000,0,0,0
1.000000,1.000000,1.000000,0,0,0
1.000000,1.000000,1.000000,0,0,0
1.000000,1.000000,1.000000,0,0,0
1.000000,1.000000,1.000000,0,0,0
1.000000,1.000000,1.000000,0,0,0
1.000000,1.000000,1.000000,0,0,0
1.000000,1.000000,1.000000,0,0,0
1.000000,1.000000,1.000000,0,0,0
1.000000,1.000000,1.000000,0,0,0
1.000000,1.000000,1.000000,0,0,0
1.000000,1.000000,1.000000,0,0,0
1.000000,1.000000,1.000000,0,0,0
1.000000,1.000000,1.000000,0,0,0
1.000000,1.000000,1.000000,0,0,0
1.000000,1.000000,1.000000,0,0,0
1.000000,1.000000,1.000000,0,0,0
1.000000,1.000000,1.000000,0,0,0
1.000000,1.000000,1.000000,0,0,0
1.000000,1.000000,1.000000,0,0,0
1.000000,1.000000,1.000000,0,0,0
1.000000,1.000000,1.000000,0,0,0
1.000000,1.000000,1.000000,0,0,0
1.000000,1.000000,1.000000,0,0,0
1.000000,1.000000,1.000000,0,0,0
1.000000,1.000000,1.000000,0,0,0
1.000000,1.000000,1.000000,0,0,0
1.000000,1.000000,1.000000,0,0,0
1.000000,1.000000,1.000000,0,0,0
1.000000,1.000000,1.000000,0,0,0
1.000000,1.000000,1.000000,0,0,0
1.000000,1.000000,1.000000,0,0,0
1.000000,1.000000,1.000000,0,0,0
1.000000,1.000000,1.000000,0,0,0
1.000000,1.000000,1.000000,0,0,0
1.000000,1.000000,1.000000,0,0,0
1.000000,1.000000,1.000000,0,0,0
1.000000,1.000000,1.000000,0,0,0
1.000000,1.000000,1.000000,0,0,0
1.000000,1.000000,1.000000,0,0,0
1.000000,1.000000,1.000000,0,0,0
1.000000,1.000000,1.000000,0,0,0
1.000000,1.000000,1.000000,0,0,0
1.000000,1.000000,1.000000,0,0,0
1.000000,1.000000,1.000000,0,0,0
1.000000,1.000000,1.000000,0,0,0
1.000000,1.000000,1.000000,0,0,0
1.000000,1.000000,1.000000,0,0,0
1.000000,1.000000,1.000000,0,0,0
1.000000,1.000000,1.000000,0,0,0
1.000000,1.000000,1.000000,0,0,0
1.000000,1.000000,1.000000,0,0,0
1.000000,1.000000,1.000000,0,0,0
1.000000,1.000000,1.000000,0,0,0
1.000000,1.000000,1.000000,0,0,0
1.000000,1.000000,1.000000,0,0,0
1.000000,1.000000,1.000000,0,0,0
1.000000,1.000000,1.000000,0,0,0
1.000000,1.000000,1.000000,0,0,0
1.000000,1.000000,1.000000,0,0,0
1.000000,1.000000,1.000000,0,0,0
1.000000,1.000000,1.000000,0,0,0
1.000000,1.000000,1.000000,0,0,0
1.000000,1.000000,1.000000,0,0,0
1.000000,1.000000,1.000000,0,0,0
1.000000,1.000000,1.000000,0,0,0
1.000000,1.000000,1.000000,0,0,0
1.000000,1.000000,1.000000,0,0,0
1.000000,1.000000,1.000000,0,0,0
1.000000,1.000000,1.000000,0,0,0
1.000000,1.000000,1.000000,0,0,0
1.000000,1.000000,1.000000,0,0,0
1.000000,1.000000,1.000000,0,0,0
1.000000,1.000000,1.000000,0,0,0
1.000000,1.000000,1.000000,0,0,0
1.000000,1.000000,1.000000,0,0,0
1.000000,1.000000,1.000000,0,0,0
1.000000,1.000000,1.000000,0,0,0
1.000000,1.000000,1.000000,0,0,0
1.000000,1.000000,1.000000,0,0,0
1.000000,1.000000,1.000000,0,0,0
1.000000,1.000000,1.000000,0,0,0
1.000000,1.000000,1.000000,0,0,0
1.000000,1.000000,1.000000,0,0,0
1.000000,1.000000,1.000000,0,0,0
1.000000,1.000000,1.000000,0,0,0
1.000000,1.000000,1.000000,0,0,0
1.000000,1.000000,1.000000,0,0,0
1.000000,1.000000,1.000000,0,0,0
1.000000,1.000000,1.000000,0,0,0
1.000000,1.000000,1.000000,0,0,0
1.000000,1.000000,1.000000,0,0,0
1.000000,1.000000,1.000000,0,0,0
1.000000,1.000000,1.000000,0,0,0
1.000000,1.000000,1.000000,0,0,0
1.000000,1.000000,1.000000,0,0,0
1.000000,1.000000,1.000000,0,0,0
1.000000,1.000000,1.000000,0,0,0
1.000000,1.000000,1.000000,0,0,0
1.000000,1.000000,1.000000,0,0,0
1.000000,1.000000,1.000000,0,0,0
1.000000,1.000000,1.000000,0,0,0
1.000000,1.000000,1.000000,0,0,0
1.000000,1.000000,1.000000,0,0,0
1.000000,1.000000,1.000000,0,0,0
1.000000,1.000000,1.000000,0,0,0
1.000000,1.000000,1.000000,0,0,0
1.000000,1.000000,1.000000,0,0,0
1.000000,1.000000,1.000000,0,0,0
1.000000,1.000000,1.000000,0,0,0
1.000000,1.000000,1.000000,0,0,0
1.000000,1.000000,1.000000,0,0,0
1.000000,1.000000,1.000000,0,0,0
1.000000,1.000000,1.000000,0,0,0
1.000000,1.000000,1.000000,0,0,0
1.000000,1.000000,1.000000,0,0,0
1.000000,1.000000,1.000000,0,0,0
1.000000,1.000000,1.000000,0,0,0
1.000000,1.000000,1.000000,0,0,0
1.000000,1.000000,1.000000,0,0,0
1.000000,1.000000,1.000000,0,0,0
1.000000,1.000000,1.000000,0,0,0
1.000000,1.000000,1.000000,0,0,0
1.000000,1.000000,1.000000,0,0,0
1.000000,1.000000,1.000000,0,0,0
1.000000,1.000000,1.000000,0,0,0
1.000000,1.000000,1.000000,0,0,0
1.000000,1.000000,1.000000,0,0,0
1.000000,1.000000,1.000000,0,0,0
1.000000,1.000000,1.000000,0,0,0
1.000000,1.000000,1.000000,0,0,0
1.000000,1.000000,1.000000,0,0,0
1.000000,1.000000,1.000000,0,0,0
1.000000,1.000000,1.000000,0,0,0
1.000000,1.000000,1.000000,0,0,0
1.000000,1.000000,1.000000,0,0,0
1.000000,1.000000,1.000000,0,0,0
1.000000,1.000000,1.000000,0,0,0
1.000000,1.000000,1.000000,0,0,0
1.000000,1.000000,1.000000,0,0,0
1.000000,1.000000,1.000000,0,0,0
1.000000,1.000000,1.000000,0,0,0
1.000000,1.000000,1.000000,0,0,0
1.000000,1.000000,1.000000,0,0,0
1.000000,1.000000,1.000000,0,0,0
1.000000,1.000000,1.000000,0,0,0
1.000000,1.000000,1.000000,0,0,0
1.000000,1.000000,1.000000,0,0,0
1.000000,1.000000,1.000000,0,0,0
1.000000,1.000000,1.000000,0,0,0
1.000000,1.000000,1.000000,0,0,0
1.000000,1.000000,1.000000,0,0,0
1.000000,1.000000,1.000000,0,0,0
1.000000,1.000000,1.000000,0,0,0
1.000000,1.000000,1.000000,0,0,0
1.000000,1.000000,1.000000,0,0,0
1.000000,1.000000,1.000000,0,0,0
1.000000,1.000000,1.000000,0,0,0
1.000000,1.000000,1.000000,0,0,0
1.000000,1.000000,1.000000,0,0,0
1.000000,1.000000,1.000000,0,0,0
1.000000,1.000000,1.000000,0,0,0
1.000000,1.000000,1.000000,0,0,0
1.000000,1.000000,1.000000,0,0,0
1.000000,1.000000,1.000000,0,0,0
1.000000,1.000000,1.000000,0,0,0
1.000000,1.000000,1.000000,0,0,0
1.000000,1.000000,1.000000,0,0,0
1.000000,1.000000,1.000000,0,0,0
1.000000,1.000000,1.000000,0,0,0
1.000000,1.000000,1.000000,0,0,0
1.000000,1.000000,1.000000,0,0,0
1.000000,1.000000,1.000000,0,0,0
1.000000,1.000000,1.000000,0,0,0
1.000000,1.000000,1.000000,0,0,0
1.000000,1.000000,1.000000,0,0,0
1.000000,1.000000,1.000000,0,0,0
1.000000,1.000000,1.000000,0,0,0
1.000000,1.000000,1.000000,0,0,0
1.000000,1.000000,1.000000,0,0,0
1.000000,1.000000,1.000000,0,0,0
1.000000,1.000000,1.000000,0,0,0
1.000000,1.000000,1.000000,0,0,0
1.000000,1.000000,1.000000,0,0,0
1.000000,1.000000,1.000000,0,0,0
1.000000,1.000000,1.000000,0,0,0
1.000000,1.000000,1.000000,0,0,0
1.000000,1.000000,1.000000,0,0,0
1.000000,1.000000,1.000000,0,0,0
1.000000,1.000000,1.000000,0,0,0
1.000000,1.000000,1.000000,0,0,0
1.000000,1.000000,1.000000,0,0,0
1.000000,1.000000,1.000000,0,0,0
1.000000,1.000000,1.000000,0,0,0
1.000000,1.000000,1.000000,0,0,0
1.000000,1.000000,1.000000,0,0,0
1.000000,1.000000,1.000000,0,0,0
1.000000,1.000000,1.000000,0,0,0
1.000000,1.000000,1.000000,0,0,0
1.000000,1.000000,1.000000,0,0,0
1.000000,1.000000,1.000000,0,0,0
1.000000,1.000000,1.000000,0,0,0
1.000000,1.000000,1.000000,0,0,0
1.000000,1.000000,1.000000,0,0,0
1.000000,1.000000,1.000000,0,0,0
1.000000,1.000000,1.000000,0,0,0
1.000000,1.000000,1.000000,0,0,0
1.000000,1.000000,1.000000,0,0,0
1.000000,1.000000,1.000000,0,0,0
1.000000,1.000000,1.000000,0,0,0
1.000000,1.000000,1.000000,0,0,0
1.000000,1.000000,1.000000,0,0,0
1.000000,1.000000,1.000000,0,0,0
1.000000,1.000000,1.000000,0,0,0
1.000000,1.000000,1.000000,0,0,0
1.000000,1.000000,1.000000,0,0,0
1.000000,1.000000,1.000000,0,0,0
1.000000,1.000000,1.000000,0,0,0
1.000000,1.000000,1.000000,0,0,0
1.000000,1.000000,1.000000,0,0,0
1.000000,1.000000,1.000000,0,0,0
1.000000,1.000000,1.000000,0,0,0
1.000000,1.000000,1.000000,0,0,0
1.000000,1.000000,1.000000,0,0,0
1.000000,1.000000,1.000000,0,0,0
1.000000,1.000000,1.000000,0,0,0
1.000000,1.000000,1.000000,0,0,0
1.000000,1.000000,1.000000,0,0,0
1.000000,1.000000,1.000000,0,0,0
1.000000,1.000000,1.000000,0,0,0
1.000000,1.000000,1.000000,0,0,0
1.000000,1.000000,1.000000,0,0,0
1.000000,1.000000,1.000000,0,0,0
1.000000,1.000000,1.000000,0,0,0
1.000000,1.000000,1.000000,0,0,0
1.000000,1.000000,1.000000,0,0,0
1.000000,1.000000,1.000000,0,0,0
1.000000,1.000000,1.000000,0,0,0
1.000000,1.000000,1.000000,0,0,0
1.000000,1.000000,1.000000,0,0,0
1.000000,1.000000,1.000000,0,0,0
1.000000,1.000000,1.000000,0,0,0
1.000000,1.000000,1.000000,0,0,0
1.000000,1.000000,1.000000,0,0,0
1.000000,1.000000,1.000000,0,0,0
1.000000,1.000000,1.000000,0,0,0
1.000000,1.000000,1.000000,0,0,0
1.000000,1.000000,1.000000,0,0,0
1.000000,1.000000,1.000000,0,0,0
1.000000,1.000000,1.000000,0,0,0
1.000000,1.000000,1.000000,0,0,0
1.000000,1.000000,1.000000,0,0,0
1.000000,1.000000,1.000000,0,0,0
1.000000,1.000000,1.000000,0,0,0
1.000000,1.000000,1.000000,0,0,0
1.000000,1.000000,1.000000,0,0,0
1.000000,1.000000,1.000000,0,0,0
1.000000,1.000000,1.000000,0,0,0
1.000000,1.000000,1.000000,0,0,0
1.000000,1.000000,1.000000,0,0,0
1.000000,1.000000,1.000000,0,0,0
1.000000,1.000000,1.000000,0,0,0
1.000000,1.000000,1.000000,0,0,0
1.000000,1.000000,1.000000,0,0,0
1.000000,1.000000,1.000000,0,0,0
1.000000,1.000000,1.000000,0,0,0
1.000000,1.000000,1.000000,0,0,0
1.000000,1.000000,1.000000,0,0,0
1.000000,1.000000,1.000000,0,0,0
1.000000,1.000000,1.000000,0,0,0
1.000000,1.000000,1.000000,0,0,0
1.000000,1.000000,1.000000,0,0,0
1.000000,1.000000,1.000000,0,0,0
1.000000,1.000000,1.000000,0,0,0
1.000000,1.000000,1.000000,0,0,0
1.000000,1.000000,1.000000,0,0,0
1.000000,1.000000,1.000000,0,0,0
1.000000,1.000000,1.000000,0,0,0
1.000000,1.000000,1.000000,0,0,0
1.000000,1.000000,1.000000,0,0,0
1.000000,1.000000,1.000000,0,0,0
1.000000,1.000000,1.000000,0,0,0
1.000000,1.000000,1.000000,0,0,0
1.000000,1.000000,1.000000,0,0,0
1.000000,1.000000,1.000000,0,0,0
1.000000,1.000000,1.000000,0,0,0
1.000000,1.000000,1.000000,0,0,0
1.000000,1.000000,1.000000,0,0,0
1.000000,1.000000,1.000000,0,0,0
1.000000,1.000000,1.000000,0,0,0
1.000000,1.000000,1.000000,0,0,0
1.000000,1.000000,1.000000,0,0,0
1.000000,1.000000,1.000000,0,0,0
1.000000,1.000000,1.000000,0,0,0
1.000000,1.000000,1.000000,0,0,0
1.000000,1.000000,1.000000,0,0,0
1.000000,1.000000,1.000000,0,0,0
1.000000,1.000000,1.000000,0,0,0
1.000000,1.000000,1.000000,0,0,0
1.000000,1.000000,1.000000,0,0,0
1.000000,1.000000,1.000000,0,0,0
1.000000,1.000000,1.000000,0,0,0
1.000000,1.000000,1.000000,0,0,0
1.000000,1.000000,1.000000,0,0,0
1.000000,1.000000,1.000000,0,0,0
1.000000,1.000000,1.000000,0,0,0
1.000000,1.000000,1.000000,0,0,0
1.000000,1.000000,1.000000,0,0,0
1.000000,1.000000,1.000000,0,0,0
1.000000,1.000000,1.000000,0,0,0
1.000000,1.000000,1.000000,0,0,0
1.000000,1.000000,1.000000,0,0,0
1.000000,1.000000,1.000000,0,0,0
1.000000,1.000000,1.000000,0,0,0
1.000000,1.000000,1.000000,0,0,0
1.000000,1.000000,1.000000,0,0,0
1.000000,1.000000,1.000000,0,0,0
1.000000,1.000000,1.000000,0,0,0
1.000000,1.000000,1.000000,0,0,0
1.000000,1.000000,1.000000,0,0,0
1.000000,1.000000,1.000000,0,0,0
1.000000,1.000000,1.000000,0,0,0
1.000000,1.000000,1.000000,0,0,0
1.000000,1.000000,1.000000,0,0,0
1.000000,1.000000,1.000000,0,0,0
1.000000,1.000000,1.000000,0,0,0
1.000000,1.000000,1.000000,0,0,0
1.000000,1.000000,1.000000,0,0,0
1.000000,1.000000,1.000000,0,0,0
1.000000,1.000000,1.000000,0,0,0
1.000000,1.000000,1.000000,0,0,0
1.000000,1.000000,1.000000,0,0,0
1.000000,1.000000,1.000000,0,0,0
1.000000,1.000000,1.000000,0,0,0
1.000000,1.000000,1.000000,0,0,0
1.000000,1.000000,1.000000,0,0,0
1.000000,1.000000,1.000000,0,0,0
1.000000,1.000000,1.000000,0,0,0
1.000000,1.000000,1.000000,0,0,0
1.000000,1.000000,1.000000,0,0,0
1.000000,1.000000,1.000000,0,0,0
1.000000,1.000000,1.000000,0,0,0
1.000000,1.000000,1.000000,0,0,0
1.000000,1.000000,1.000000,0,0,0
1.000000,1.000000,1.000000,0,0,0
1.000000,1.000000,1.000000,0,0,0
1.000000,1.000000,1.000000,0,0,0
1.000000,1.000000,1.000000,0,0,0
1.000000,1.000000,1.000000,0,0,0
1.000000,1.000000,1.000000,0,0,0
1.000000,1.000000,1.000000,0,0,0
1.000000,1.000000,1.000000,0,0,0
1.000000,1.000000,1.000000,0,0,0
1.000000,1.000000,1.000000,0,0,0
1.000000,1.000000,1.000000,0,0,0
1.000000,1.000000,1.000000,0,0,0
1.000000,1.000000,1.000000,0,0,0
1.000000,1.000000,1.000000,0,0,0
1.000000,1.000000,1.000000,0,0,0
1.000000,1.000000,1.000000,0,0,0
1.000000,1.000000,1.000000,0,0,0
1.000000,1.000000,1.000000,0,0,0
1.000000,1.000000,1.000000,0,0,0
1.000000,1.000000,1.000000,0,0,0
1.000000,1.000000,1.000000,0,0,0
1.000000,1.000000,1.000000,0,0,0
1.000000,1.000000,1.000000,0,0,0
1.000000,1.000000,1.000000,0,0,0
1.000000,1.000000,1.000000,0,0,0
1.000000,1.000000,1.000000,0,0,0
1.000000,1.000000,1.000000,0,0,0
1.000000,1.000000,1.000000,0,0,0
1.000000,1.000000,1.000000,0,0,0
1.000000,1.000000,1.000000,0,0,0
1.000000,1.000000,1.000000,0,0,0
1.000000,1.000000,1.000000,0,0,0
1.000000,1.000000,1.000000,0,0,0
1.000000,1.000000,1.000000,0,0,0
1.000000,1.000000,1.000000,0,0,0
1.000000,1.000000,1.000000,0,0,0
1.000000,1.000000,1.000000,0,0,0
1.000000,1.000000,1.000000,0,0,0
1.000000,1.000000,1.000000,0,0,0
1.000000,1.000000,1.000000,0,0,0
1.000000,1.000000,1.000000,0,0,0
1.000000,1.000000,1.000000,0,0,0
1.000000,1.000000,1.000000,0,0,0
1.000000,1.000000,1.000000,0,0,0
1.000000,1.000000,1.000000,0,0,0
1.000000,1.000000,1.000000,0,0,0
1.000000,1.000000,1.000000,0,0,0
1.000000,1.000000,1.000000,0,0,0
1.000000,1.000000,1.000000,0,0,0
1.000000,1.000000,1.000000,0,0,0
1.000000,1.000000,1.000000,0,0,0
1.000000,1.000000,1.000000,0,0,0
1.000000,1.000000,1.000000,0,0,0
1.000000,1.000000,1.000000,0,0,0
1.000000,1.000000,1.000000,0,0,0
1.000000,1.000000,1.000000,0,0,0
1.000000,1.000000,1.000000,0,0,0
1.000000,1.000000,1.000000,0,0,0
1.000000,1.000000,1.000000,0,0,0
1.000000,1.000000,1.000000,0,0,0
1.000000,1.000000,1.000000,0,0,0
1.000000,1.000000,1.000000,0,0,0
1.000000,1.000000,1.000000,0,0,0
1.000000,1.000000,1.000000,0,0,0
1.000000,1.000000,1.000000,0,0,0
1.000000,1.000000,1.000000,0,0,0
1.000000,1.000000,1.000000,0,0,0
1.000000,1.000000,1.000000,0,0,0
1.000000,1.000000,1.000000,0,0,0
1.000000,1.000000,1.000000,0,0,0
1.000000,1.000000,1.000000,0,0,0
1.000000,1.000000,1.000000,0,0,0
1.000000,1.000000,1.000000,0,0,0
1.000000,1.000000,1.000000,0,0,0
1.000000,1.000000,1.000000,0,0,0
1.000000,1.000000,1.000000,0,0,0
1.000000,1.000000,1.000000,0,0,0
1.000000,1.000000,1.000000,0,0,0
1.000000,1.000000,1.000000,0,0,0
1.000000,1.000000,1.000000,0,0,0
1.000000,1.000000,1.000000,0,0,0
1.000000,1.000000,1.000000,0,0,0
1.000000,1.000000,1.000000,0,0,0
1.000000,1.000000,1.000000,0,0,0
1.000000,1.000000,1.000000,0,0,0
1.000000,1.000000,1.000000,0,0,0
1.000000,1.000000,1.000000,0,0,0
1.000000,1.000000,1.000000,0,0,0
1.000000,1.000000,1.000000,0,0,0
1.000000,1.000000,1.000000,0,0,0
1.000000,1.000000,1.000000,0,0,0
1.000000,1.000000,1.000000,0,0,0
1.000000,1.000000,1.000000,0,0,0
1.000000,1.000000,1.000000,0,0,0
1.000000,1.000000,1.000000,0,0,0
1.000000,1.000000,1.000000,0,0,0
1.000000,1.000000,1.000000,0,0,0
1.000000,1.000000,1.000000,0,0,0
1.000000,1.000000,1.000000,0,0,0
1.000000,1.000000,1.000000,0,0,0
1.000000,1.000000,1.000000,0,0,0
1.000000,1.000000,1.000000,0,0,0
1.000000,1.000000,1.000000,0,0,0
1.000000,1.000000,1.000000,0,0,0
1.000000,1.000000,1.000000,0,0,0
1.000000,1.000000,1.000000,0,0,0
1.000000,1.000000,1.000000,0,0,0
1.000000,1.000000,1.000000,0,0,0
1.000000,1.000000,1.000000,0,0,0
1.000000,1.000000,1.000000,0,0,0
1.000000,1.000000,1.000000,0,0,0
1.000000,1.000000,1.000000,0,0,0
1.000000,1.000000,1.000000,0,0,0
1.000000,1.000000,1.000000,0,0,0
1.000000,1.000000,1.000000,0,0,0
1.000000,1.000000,1.000000,0,0,0
1.000000,1.000000,1.000000,0,0,0
1.000000,1.000000,1.000000,0,0,0
1.000000,1.000000,1.000000,0,0,0
1.000000,1.000000,1.000000,0,0,0
1.000000,1.000000,1.000000,0,0,0
1.000000,1.000000,1.000000,0,0,0
1.000000,1.000000,1.000000,0,0,0
1.000000,1.000000,1.000000,0,0,0
1.000000,1.000000,1.000000,0,0,0
1.000000,1.000000,1.000000,0,0,0
1.000000,1.000000,1.000000,0,0,0
1.000000,1.000000,1.000000,0,0,0
1.000000,1.000000,1.000000,0,0,0
1.000000,1.000000,1.000000,0,0,0
1.000000,1.000000,1.000000,0,0,0
1.000000,1.000000,1.000000,0,0,0
1.000000,1.000000,1.000000,0,0,0
1.000000,1.000000,1.000000,0,0,0
1.000000,1.000000,1.000000,0,0,0
1.000000,1.000000,1.000000,0,0,0
1.000000,1.000000,1.000000,0,0,0
1.000000,1.000000,1.000000,0,0,0
1.000000,1.000000,1.000000,0,0,0
1.000000,1.000000,1.000000,0,0,0
1.000000,1.000000,1.000000,0,0,0
1.000000,1.000000,1.000000,0,0,0
1.000000,1.000000,1.000000,0,0,0
1.000000,1.000000,1.000000,0,0,0
1.000000,1.000000,1.000000,0,0,0
1.000000,1.000000,1.000000,0,0,0
1.000000,1.000000,1.000000,0,0,0
1.000000,1.000000,1.000000,0,0,0
1.000000,1.000000,1.000000,0,0,0
1.000000,1.000000,1.000000,0,0,0
1.000000,1.000000,1.000000,0,0,0
1.000000,1.000000,1.000000,0,0,0
1.000000,1.000000,1.000000,0,0,0
1.000000,1.000000,1.000000,0,0,0
1.000000,1.000000,1.000000,0,0,0
1.000000,1.000000,1.000000,0,0,0
1.000000,1.000000,1.000000,0,0,0
1.000000,1.000000,1.000000,0,0,0
1.000000,1.000000,1.000000,0,0,0
1.000000,1.000000,1.000000,0,0,0
1.000000,1.000000,1.000000,0,0,0
1.000000,1.000000,1.000000,0,0,0
1.000000,1.000000,1.000000,0,0,0
1.000000,1.000000,1.000000,0,0,0
1.000000,1.000000,1.000000,0,0,0
1.000000,1.000000,1.000000,0,0,0
1.000000,1.000000,1.000000,0,0,0
1.000000,1.000000,1.000000,0,0,0
1.000000,1.000000,1.000000,0,0,0
1.000000,1.000000,1.000000,0,0,0
1.000000,1.000000,1.000000,0,0,0
1.000000,1.000000,1.000000,0,0,0
1.000000,1.000000,1.000000,0,0,0
1.000000,1.000000,1.000000,0,0,0
1.000000,1.000000,1.000000,0,0,0
1.000000,1.000000,1.000000,0,0,0
1.000000,1.000000,1.000000,0,0,0
1.000000,1.000000,1.000000,0,0,0
1.000000,1.000000,1.000000,0,0,0
1.000000,1.000000,1.000000,0,0,0
1.000000,1.000000,1.000000,0,0,0
1.000000,1.000000,1.000000,0,0,0
1.000000,1.000000,1.000000,0,0,0
1.000000,1.000000,1.000000,0,0,0
1.000000,1.000000,1.000000,0,0,0
1.000000,1.000000,1.000000,0,0,0
1.000000,1.000000,1.000000,0,0,0
1.000000,1.000000,1.000000,0,0,0
1.000000,1.000000,1.000000,0,0,0
1.000000,1.000000,1.000000,0,0,0
1.000000,1.000000,1.000000,0,0,0
1.000000,1.000000,1.000000,0,0,0
1.000000,1.000000,1.000000,0,0,0
1.000000,1.000000,1.000000,0,0,0
1.000000,1.000000,1.000000,0,0,0
1.000000,1.000000,1.000000,0,0,0
1.000000,1.000000,1.000000,0,0,0
1.000000,1.000000,1.000000,0,0,0
1.000000,1.000000,1.000000,0,0,0
1.000000,1.000000,1.000000,0,0,0
1.000000,1.000000,1.000000,0,0,0
1.000000,1.000000,1.000000,0,0,0
1.000000,1.000000,1.000000,0,0,0
1.000000,1.000000,1.000000,0,0,0
1.000000,1.000000,1.000000,0,0,0
1.000000,1.000000,1.000000,0,0,0
1.000000,1.000000,1.000000,0,0,0
1.000000,1.000000,1.000000,0,0,0
1.000000,1.000000,1.000000,0,0,0
1.000000,1.000000,1.000000,0,0,0
1.000000,1.000000,1.000000,0,0,0
1.000000,1.000000,1.000000,0,0,0
1.000000,1.000000,1.000000,0,0,0
1.000000,1.000000,1.000000,0,0,0
1.000000,1.000000,1.000000,0,0,0
1.000000,1.000000,1.000000,0,0,0
1.000000,1.000000,1.000000,0,0,0
1.000000,1.000000,1.000000,0,0,0
1.000000,1.000000,1.000000,0,0,0
1.000000,1.000000,1.000000,0,0,0
1.000000,1.000000,1.000000,0,0,0
1.000000,1.000000,1.000000,0,0,0
1.000000,1.000000,1.000000,0,0,0
1.000000,1.000000,1.000000,0,0,0
1.000000,1.000000,1.000000,0,0,0
1.000000,1.000000,1.000000,0,0,0
1.000000,1.000000,1.000000,0,0,0
1.000000,1.000000,1.000000,0,0,0
1.000000,1.000000,1.000000,0,0,0
1.000000,1.000000,1.000000,0,0,0
1.000000,1.000000,1.000000,0,0,0
1.000000,1.000000,1.000000,0,0,0
1.000000,1.000000,1.000000,0,0,0
1.000000,1.000000,1.000000,0,0,0
1.000000,1.000000,1.000000,0,0,0
1.000000,1.000000,1.000000,0,0,0
1.000000,1.000000,1.000000,0,0,0
1.000000,1.000000,1.000000,0,0,0
1.000000,1.000000,1.000000,0,0,0
1.000000,1.000000,1.000000,0,0,0
1.000000,1.000000,1.000000,0,0,0
1.000000,1.000000,1.000000,0,0,0
1.000000,1.000000,1.000000,0,0,0
1.000000,1.000000,1.000000,0,0,0
1.000000,1.000000,1.000000,0,0,0
1.000000,1.000000,1.000000,0,0,0
1.000000,1.000000,1.000000,0,0,0
1.000000,1.000000,1.000000,0,0,0
1.000000,1.000000,1.000000,0,0,0
1.000000,1.000000,1.000000,0,0,0
1.000000,1.000000,1.000000,0,0,0
1.000000,1.000000,1.000000,0,0,0
1.000000,1.000000,1.000000,0,0,0
1.000000,1.000000,1.000000,0,0,0
1.000000,1.000000,1.000000,0,0,0
1.000000,1.000000,1.000000,0,0,0
1.000000,1.000000,1.000000,0,0,0
1.000000,1.000000,1.000000,0,0,0
1.000000,1.000000,1.000000,0,0,0
1.000000,1.000000,1.000000,0,0,0
1.000000,1.000000,1.000000,0,0,0
1.000000,1.000000,1.000000,0,0,0
1.000000,1.000000,1.000000,0,0,0
1.000000,1.000000,1.000000,0,0,0
1.000000,1.000000,1.000000,0,0,0
1.000000,1.000000,1.000000,0,0,0
1.000000,1.000000,1.000000,0,0,0
1.000000,1.000000,1.000000,0,0,0
1.000000,1.000000,1.000000,0,0,0
1.000000,1.000000,1.000000,0,0,0
1.000000,1.000000,1.000000,0,0,0
1.000000,1.000000,1.000000,0,0,0
1.000000,1.000000,1.000000,0,0,0
1.000000,1.000000,1.000000,0,0,0
1.000000,1.000000,1.000000,0,0,0
1.000000,1.000000,1.000000,0,0,0
1.000000,1.000000,1.000000,0,0,0
1.000000,1.000000,1.000000,0,0,0
1.000000,1.000000,1.000000,0,0,0
1.000000,1.000000,1.000000,0,0,0
1.000000,1.000000,1.000000,0,0,0
1.000000,1.000000,1.000000,0,0,0
1.000000,1.000000,1.000000,0,0,0
1.000000,1.000000,1.000000,0,0,0
1.000000,1.000000,1.000000,0,0,0
1.000000,1.000000,1.000000,0,0,0
1.000000,1.000000,1.000000,0,0,0
1.000000,1.000000,1.000000,0,0,0
1.000000,1.000000,1.000000,0,0,0
1.000000,1.000000,1.000000,0,0,0
1.000000,1.000000,1.000000,0,0,0
1.000000,1.000000,1.000000,0,0,0
1.000000,1.000000,1.000000,0,0,0
1.000000,1.000000,1.000000,0,0,0
1.000000,1.000000,1.000000,0,0,0
1.000000,1.000000,1.000000,0,0,0
1.000000,1.000000,1.000000,0,0,0
1.000000,1.000000,1.000000,0,0,0
1.000000,1.000000,1.000000,0,0,0
1.000000,1.000000,1.000000,0,0,0
1.000000,1.000000,1.000000,0,0,0
1.000000,1.000000,1.000000,0,0,0
1.000000,1.000000,1.000000,0,0,0
1.000000,1.000000,1.000000,0,0,0
1.000000,1.000000,1.000000,0,0,0
1.000000,1.000000,1.000000,0,0,0
1.000000,1.000000,1.000000,0,0,0
1.000000,1.000000,1.000000,0,0,0
1.000000,1.000000,1.000000,0,0,0
1.000000,1.000000,1.000000,0,0,0
1.000000,1.000000,1.000000,0,0,0
1.000000,1.000000,1.000000,0,0,0
1.000000,1.000000,1.000000,0,0,0
1.000000,1.000000,1.000000,0,0,0
1.000000,1.000000,1.000000,0,0,0
1.000000,1.000000,1.000000,0,0,0
1.000000,1.000000,1.000000,0,0,0
1.000000,1.000000,1.000000,0,0,0
1.000000,1.000000,1.000000,0,0,0
1.000000,1.000000,1.000000,0,0,0
1.000000,1.000000,1.000000,0,0,0
1.000000,1.000000,1.000000,0,0,0
1.000000,1.000000,1.000000,0,0,0
1.000000,1.000000,1.000000,0,0,0
1.000000,1.000000,1.000000,0,0,0
1.000000,1.000000,1.000000,0,0,0
1.000000,1.000000,1.000000,0,0,0
1.000000,1.000000,1.000000,0,0,0
1.000000,1.000000,1.000000,0,0,0
1.000000,1.000000,1.000000,0,0,0
1.000000,1.000000,1.000000,0,0,0
1.000000,1.000000,1.000000,0,0,0
1.000000,1.000000,1.000000,0,0,0
1.000000,1.000000,1.000000,0,0,0
1.000000,1.000000,1.000000,0,0,0
1.000000,1.000000,1.000000,0,0,0
1.000000,1.000000,1.000000,0,0,0
1.000000,1.000000,1.000000,0,0,0
1.000000,1.000000,1.000000,0,0,0
1.000000,1.000000,1.000000,0,0,0
1.000000,1.000000,1.000000,0,0,0
1.000000,1.000000,1.000000,0,0,0
1.000000,1.000000,1.000000,0,0,0
1.000000,1.000000,1.000000,0,0,0
1.000000,1.000000,1.000000,0,0,0
1.000000,1.000000,1.000000,0,0,0
1.000000,1.000000,1.000000,0,0,0
1.000000,1.000000,1.000000,0,0,0
1.000000,1.000000,1.000000,0,0,0
1.000000,1.000000,1.000000,0,0,0
1.000000,1.000000,1.000000,0,0,0
1.000000,1.000000,1.000000,0,0,0
1.000000,1.000000,1.000000,0,0,0
1.000000,1.000000,1.000000,0,0,0
1.000000,1.000000,1.000000,0,0,0
1.000000,1.000000,1.000000,0,0,0
1.000000,1.000000,1.000000,0,0,0
1.000000,1.000000,1.000000,0,0,0
1.000000,1.000000,1.000000,0,0,0
1.000000,1.000000,1.000000,0,0,0
1.000000,1.000000,1.000000,0,0,0
1.000000,1.000000,1.000000,0,0,0
1.000000,1.000000,1.000000,0,0,0
1.000000,1.000000,1.000000,0,0,0
1.000000,1.000000,1.000000,0,0,0
1.000000,1.000000,1.000000,0,0,0
1.000000,1.000000,1.000000,0,0,0
1.000000,1.000000,1.000000,0,0,0
1.000000,1.000000,1.000000,0,0,0
1.000000,1.000000,1.000000,0,0,0
1.000000,1.000000,1.000000,0,0,0
1.000000,1.000000,1.000000,0,0,0
1.000000,1.000000,1.000000,0,0,0
1.000000,1.000000,1.000000,0,0,0
1.000000,1.000000,1.000000,0,0,0
1.000000,1.000000,1.000000,0,0,0
1.000000,1.000000,1.000000,0,0,0
1.000000,1.000000,1.000000,0,0,0
1.000000,1.000000,1.000000,0,0,0
1.000000,1.000000,1.000000,0,0,0
1.000000,1.000000,1.000000,0,0,0
1.000000,1.000000,1.000000,0,0,0
1.000000,1.000000,1.000000,0,0,0
1.000000,1.000000,1.000000,0,0,0
1.000000,1.000000,1.000000,0,0,0
1.000000,1.000000,1.000000,0,0,0
1.000000,1.000000,1.000000,0,0,0
1.000000,1.000000,1.000000,0,0,0
1.000000,1.000000,1.000000,0,0,0
1.000000,1.000000,1.000000,0,0,0
1.000000,1.000000,1.000000,0,0,0
1.000000,1.000000,1.000000,0,0,0
1.000000,1.000000,1.000000,0,0,0
1.000000,1.000000,1.000000,0,0,0
1.000000,1.000000,1.000000,0,0,0
1.000000,1.000000,1.000000,0,0,0
1.000000,1.000000,1.000000,0,0,0
1.000000,1.000000,1.000000,0,0,0
1.000000,1.000000,1.000000,0,0,0
1.000000,1.000000,1.000000,0,0,0
