1705,2842,3792,2206,3792,1900,2902,3366,3546,3546,3762,1676,3411,5685,7585,4413,7585,3628,5804,8303,7091,7091,7517,3441,2177
1705,2842,3792,2206,3792,1900,2902,3366,3546,3546,3762,1676,3411,5685,7585,4413,7585,3628,5804,8303,7091,7091,7517,3441,2177
1705,2842,3792,2206,3792,1900,2902,3366,3546,3546,3762,1676,3411,5685,7585,4413,7585,3628,5804,8303,7091,7091,7517,3441,2177
1705,2842,3792,2206,3792,1900,2902,3366,3546,3546,3762,1676,3411,5685,7585,4413,7585,3628,5804,8303,7091,7091,7517,3441,2177
1705,2842,3792,2206,3792,1900,2902,3366,3546,3546,3762,1676,3411,5685,7585,4413,7585,3628,5804,8303,7091,7091,7517,3441,2177
1705,2842,3792,2206,3792,1900,2902,3366,3546,3546,3762,1676,3411,5685,7585,4413,7585,3628,5804,8303,7091,7091,7517,3441,2177
1705,2842,3792,2206,3792,1900,2902,3366,3546,3546,3762,1676,3411,5685,7585,4413,7585,3628,5804,8303,7091,7091,7517,3441,2177
1705,2842,3792,2206,3792,1900,2902,3366,3546,3546,3762,1676,3411,5685,7585,4413,7585,3628,5804,8303,7091,7091,7517,3441,2177
1705,2842,3792,2206,3792,1900,2902,3366,3546,3546,3762,1676,3411,5685,7585,4413,7585,3628,5804,8303,7091,7091,7517,3441,2177
1705,2842,3792,2206,3792,1900,2902,3366,3546,3546,3762,1676,3411,5685,7585,4413,7585,3628,5804,8303,7091,7091,7517,3441,2177
1705,2842,3792,2206,3792,1900,2902,3366,3546,3546,3762,1676,3411,5685,7585,4413,7585,3628,5804,8303,7091,7091,7517,3441,2177
1705,2842,3792,2206,3792,1900,2902,3366,3546,3546,3762,1676,3411,5685,7585,4413,7585,3628,5804,8303,7091,7091,7517,3441,2177